"","@id","sample.samplingPoint","sample.samplingPoint.notation","sample.samplingPoint.label","sample.sampleDateTime","determinand.label","determinand.definition","determinand.notation","resultQualifier.notation","result","codedResultInterpretation.interpretation","determinand.unit.label","sample.sampledMaterialType.label","sample.isComplianceSample","sample.purpose.label","sample.samplingPoint.easting","sample.samplingPoint.northing"
"1","http://environment.data.gov.uk/water-quality/data/measurement/MD-1503055-0117","http://environment.data.gov.uk/water-quality/id/sampling-point/MD-37646600","MD-37646600","SLAG BANK DYKE STORM SEWAGE",2000-07-18 14:35:00,"Nitrate-N","Nitrate as N","0117",NA,6.25,NA,"mg/l","STORM SEWER OVERFLOW DISCHARGE",TRUE,"COMPLIANCE AUDIT (PERMIT)",491900,412200
"2","http://environment.data.gov.uk/water-quality/data/measurement/MD-1500290-0117","http://environment.data.gov.uk/water-quality/id/sampling-point/MD-90012800","MD-90012800","POLCON 1-OFF, WATER: TRENT 12",2000-06-29 17:15:00,"Nitrate-N","Nitrate as N","0117",NA,1.18,NA,"mg/l","STORM SEWER OVERFLOW DISCHARGE",FALSE,"UNPLANNED REACTIVE MONITORING (POLLUTION INCIDENTS)",500000,2
"3","http://environment.data.gov.uk/water-quality/data/measurement/NE-1044852-0117","http://environment.data.gov.uk/water-quality/id/sampling-point/NE-49400073","NE-49400073","BECKFIELD ROAD SW OUTFALL,COTTINGLEY",2000-05-24 13:20:00,"Nitrate-N","Nitrate as N","0117",NA,1.41,NA,"mg/l","STORM SEWER OVERFLOW DISCHARGE",TRUE,"COMPLIANCE AUDIT (PERMIT)",411323,437503
"4","http://environment.data.gov.uk/water-quality/data/measurement/NE-1053428-0117","http://environment.data.gov.uk/water-quality/id/sampling-point/NE-49400073","NE-49400073","BECKFIELD ROAD SW OUTFALL,COTTINGLEY",2000-07-19 11:45:00,"Nitrate-N","Nitrate as N","0117",NA,0.385,NA,"mg/l","STORM SEWER OVERFLOW DISCHARGE",TRUE,"COMPLIANCE AUDIT (PERMIT)",411323,437503
"5","http://environment.data.gov.uk/water-quality/data/measurement/NE-1054872-0117","http://environment.data.gov.uk/water-quality/id/sampling-point/NE-49400073","NE-49400073","BECKFIELD ROAD SW OUTFALL,COTTINGLEY",2000-08-01 10:10:00,"Nitrate-N","Nitrate as N","0117",NA,2.44,NA,"mg/l","STORM SEWER OVERFLOW DISCHARGE",TRUE,"COMPLIANCE AUDIT (PERMIT)",411323,437503
"6","http://environment.data.gov.uk/water-quality/data/measurement/NE-1059246-0117","http://environment.data.gov.uk/water-quality/id/sampling-point/NE-49400073","NE-49400073","BECKFIELD ROAD SW OUTFALL,COTTINGLEY",2000-09-20 12:30:00,"Nitrate-N","Nitrate as N","0117",NA,10.6,NA,"mg/l","STORM SEWER OVERFLOW DISCHARGE",TRUE,"COMPLIANCE AUDIT (PERMIT)",411323,437503
"7","http://environment.data.gov.uk/water-quality/data/measurement/NE-1060224-0117","http://environment.data.gov.uk/water-quality/id/sampling-point/NE-49400073","NE-49400073","BECKFIELD ROAD SW OUTFALL,COTTINGLEY",2000-09-27 12:10:00,"Nitrate-N","Nitrate as N","0117",NA,5.48,NA,"mg/l","STORM SEWER OVERFLOW DISCHARGE",TRUE,"COMPLIANCE AUDIT (PERMIT)",411323,437503
"8","http://environment.data.gov.uk/water-quality/data/measurement/NE-1064110-0117","http://environment.data.gov.uk/water-quality/id/sampling-point/NE-49400073","NE-49400073","BECKFIELD ROAD SW OUTFALL,COTTINGLEY",2000-10-24 12:10:00,"Nitrate-N","Nitrate as N","0117",NA,2.43,NA,"mg/l","STORM SEWER OVERFLOW DISCHARGE",TRUE,"COMPLIANCE AUDIT (PERMIT)",411323,437503
"9","http://environment.data.gov.uk/water-quality/data/measurement/NW-1418393-0117","http://environment.data.gov.uk/water-quality/id/sampling-point/NW-88000048","NW-88000048","MISC SURFACE WATER DISCH IN DISTRICT 3",2000-03-16 10:40:00,"Nitrate-N","Nitrate as N","0117",NA,0.155,NA,"mg/l","STORM SEWER OVERFLOW DISCHARGE",FALSE,"UNPLANNED REACTIVE MONITORING FORMAL (POLLUTION INCIDENTS)",500000,4
"10","http://environment.data.gov.uk/water-quality/data/measurement/NW-1421963-0117","http://environment.data.gov.uk/water-quality/id/sampling-point/NW-88000048","NW-88000048","MISC SURFACE WATER DISCH IN DISTRICT 3",2000-04-13 10:15:00,"Nitrate-N","Nitrate as N","0117",NA,2.49,NA,"mg/l","STORM SEWER OVERFLOW DISCHARGE",FALSE,"UNPLANNED REACTIVE MONITORING FORMAL (POLLUTION INCIDENTS)",500000,4
"11","http://environment.data.gov.uk/water-quality/data/measurement/NW-1421964-0117","http://environment.data.gov.uk/water-quality/id/sampling-point/NW-88000048","NW-88000048","MISC SURFACE WATER DISCH IN DISTRICT 3",2000-04-14 11:40:00,"Nitrate-N","Nitrate as N","0117",NA,0.208,NA,"mg/l","STORM SEWER OVERFLOW DISCHARGE",FALSE,"UNPLANNED REACTIVE MONITORING FORMAL (POLLUTION INCIDENTS)",500000,4
"12","http://environment.data.gov.uk/water-quality/data/measurement/NW-1420004-0117","http://environment.data.gov.uk/water-quality/id/sampling-point/NW-88000073","NW-88000073","MISC RIVER SAMP (NOT CONT S/W) CHESHIRE",2000-03-28 10:45:00,"Nitrate-N","Nitrate as N","0117",NA,0.086,NA,"mg/l","STORM SEWER OVERFLOW DISCHARGE",FALSE,"UNPLANNED REACTIVE MONITORING (POLLUTION INCIDENTS)",500000,4
"13","http://environment.data.gov.uk/water-quality/data/measurement/NW-1420794-0117","http://environment.data.gov.uk/water-quality/id/sampling-point/NW-88000073","NW-88000073","MISC RIVER SAMP (NOT CONT S/W) CHESHIRE",2000-03-30 15:20:00,"Nitrate-N","Nitrate as N","0117",NA,0.821,NA,"mg/l","STORM SEWER OVERFLOW DISCHARGE",FALSE,"UNPLANNED REACTIVE MONITORING FORMAL (POLLUTION INCIDENTS)",500000,4
"14","http://environment.data.gov.uk/water-quality/data/measurement/SO-626133-0117","http://environment.data.gov.uk/water-quality/id/sampling-point/SO-E0001147","SO-E0001147","SWALECLIFFE SEA OUTFALL",2000-12-14 12:00:00,"Nitrate-N","Nitrate as N","0117",NA,3.78,NA,"mg/l","STORM SEWER OVERFLOW DISCHARGE",TRUE,"COMPLIANCE AUDIT (PERMIT)",613350,167300
"15","http://environment.data.gov.uk/water-quality/data/measurement/SO-597625-0117","http://environment.data.gov.uk/water-quality/id/sampling-point/SO-G0003463","SO-G0003463","ASHLETT CREEK STW",2000-01-18 12:10:00,"Nitrate-N","Nitrate as N","0117",NA,0.9,NA,"mg/l","STORM SEWER OVERFLOW DISCHARGE",TRUE,"COMPLIANCE AUDIT (PERMIT)",446638,103108
"16","http://environment.data.gov.uk/water-quality/data/measurement/SO-599261-0117","http://environment.data.gov.uk/water-quality/id/sampling-point/SO-G0003463","SO-G0003463","ASHLETT CREEK STW",2000-03-03 13:15:00,"Nitrate-N","Nitrate as N","0117",NA,0.9,NA,"mg/l","STORM SEWER OVERFLOW DISCHARGE",TRUE,"COMPLIANCE AUDIT (PERMIT)",446638,103108
"17","http://environment.data.gov.uk/water-quality/data/measurement/SO-600328-0117","http://environment.data.gov.uk/water-quality/id/sampling-point/SO-G0003463","SO-G0003463","ASHLETT CREEK STW",2000-03-17 12:25:00,"Nitrate-N","Nitrate as N","0117",NA,0.9,NA,"mg/l","STORM SEWER OVERFLOW DISCHARGE",TRUE,"COMPLIANCE AUDIT (PERMIT)",446638,103108
"18","http://environment.data.gov.uk/water-quality/data/measurement/SO-603805-0117","http://environment.data.gov.uk/water-quality/id/sampling-point/SO-G0003463","SO-G0003463","ASHLETT CREEK STW",2000-05-12 11:45:00,"Nitrate-N","Nitrate as N","0117",NA,0.9,NA,"mg/l","STORM SEWER OVERFLOW DISCHARGE",TRUE,"COMPLIANCE AUDIT (PERMIT)",446638,103108
"19","http://environment.data.gov.uk/water-quality/data/measurement/SO-607529-0117","http://environment.data.gov.uk/water-quality/id/sampling-point/SO-G0003463","SO-G0003463","ASHLETT CREEK STW",2000-06-30 10:43:00,"Nitrate-N","Nitrate as N","0117",NA,0.9,NA,"mg/l","STORM SEWER OVERFLOW DISCHARGE",TRUE,"COMPLIANCE AUDIT (PERMIT)",446638,103108
"20","http://environment.data.gov.uk/water-quality/data/measurement/SO-610042-0117","http://environment.data.gov.uk/water-quality/id/sampling-point/SO-G0003463","SO-G0003463","ASHLETT CREEK STW",2000-07-26 10:25:00,"Nitrate-N","Nitrate as N","0117",NA,0.9,NA,"mg/l","STORM SEWER OVERFLOW DISCHARGE",TRUE,"COMPLIANCE AUDIT (PERMIT)",446638,103108
"21","http://environment.data.gov.uk/water-quality/data/measurement/SO-612428-0117","http://environment.data.gov.uk/water-quality/id/sampling-point/SO-G0003463","SO-G0003463","ASHLETT CREEK STW",2000-08-25 10:55:00,"Nitrate-N","Nitrate as N","0117",NA,0.9,NA,"mg/l","STORM SEWER OVERFLOW DISCHARGE",TRUE,"COMPLIANCE AUDIT (PERMIT)",446638,103108
"22","http://environment.data.gov.uk/water-quality/data/measurement/SO-614365-0117","http://environment.data.gov.uk/water-quality/id/sampling-point/SO-G0003463","SO-G0003463","ASHLETT CREEK STW",2000-09-22 11:50:00,"Nitrate-N","Nitrate as N","0117",NA,0.55,NA,"mg/l","STORM SEWER OVERFLOW DISCHARGE",TRUE,"COMPLIANCE AUDIT (PERMIT)",446638,103108
"23","http://environment.data.gov.uk/water-quality/data/measurement/SO-617027-0117","http://environment.data.gov.uk/water-quality/id/sampling-point/SO-G0003463","SO-G0003463","ASHLETT CREEK STW",2000-10-24 13:35:00,"Nitrate-N","Nitrate as N","0117",NA,0.31,NA,"mg/l","STORM SEWER OVERFLOW DISCHARGE",TRUE,"COMPLIANCE AUDIT (PERMIT)",446638,103108
"24","http://environment.data.gov.uk/water-quality/data/measurement/SO-620002-0117","http://environment.data.gov.uk/water-quality/id/sampling-point/SO-G0003463","SO-G0003463","ASHLETT CREEK STW",2000-11-23 11:40:00,"Nitrate-N","Nitrate as N","0117",NA,0.66,NA,"mg/l","STORM SEWER OVERFLOW DISCHARGE",TRUE,"COMPLIANCE AUDIT (PERMIT)",446638,103108
"25","http://environment.data.gov.uk/water-quality/data/measurement/SO-620892-0117","http://environment.data.gov.uk/water-quality/id/sampling-point/SO-G0003463","SO-G0003463","ASHLETT CREEK STW",2000-12-04 10:45:00,"Nitrate-N","Nitrate as N","0117",NA,3.45,NA,"mg/l","STORM SEWER OVERFLOW DISCHARGE",TRUE,"COMPLIANCE AUDIT (PERMIT)",446638,103108
"26","http://environment.data.gov.uk/water-quality/data/measurement/SO-622199-0117","http://environment.data.gov.uk/water-quality/id/sampling-point/SO-G0003463","SO-G0003463","ASHLETT CREEK STW",2000-12-11 10:56:00,"Nitrate-N","Nitrate as N","0117",NA,4.63,NA,"mg/l","STORM SEWER OVERFLOW DISCHARGE",TRUE,"COMPLIANCE AUDIT (PERMIT)",446638,103108
"27","http://environment.data.gov.uk/water-quality/data/measurement/SW-2573570-0117","http://environment.data.gov.uk/water-quality/id/sampling-point/SW-60099999","SW-60099999","MISCELLANEOUS PORTBURY DITCH CATCHMENT",2000-12-06 10:30:00,"Nitrate-N","Nitrate as N","0117",NA,0.74,NA,"mg/l","STORM SEWER OVERFLOW DISCHARGE",FALSE,"UNPLANNED REACTIVE MONITORING (POLLUTION INCIDENTS)",347500,173500
"28","http://environment.data.gov.uk/water-quality/data/measurement/SW-2543206-0117","http://environment.data.gov.uk/water-quality/id/sampling-point/SW-60259999","SW-60259999","MISCELLANEOUS PARRETT HEADWATER C'MENT",2000-06-26 15:45:00,"Nitrate-N","Nitrate as N","0117",NA,0.9,NA,"mg/l","STORM SEWER OVERFLOW DISCHARGE",FALSE,"UNPLANNED REACTIVE MONITORING (POLLUTION INCIDENTS)",345000,116000
"29","http://environment.data.gov.uk/water-quality/data/measurement/SW-2564609-0117","http://environment.data.gov.uk/water-quality/id/sampling-point/SW-70119999","SW-70119999","MISCELLANEOUS LIM CATCHMENT",2000-10-09 15:21:00,"Nitrate-N","Nitrate as N","0117",NA,0.38,NA,"mg/l","STORM SEWER OVERFLOW DISCHARGE",FALSE,"PLANNED INVESTIGATION (LOCAL MONITORING)",335100,92900
"30","http://environment.data.gov.uk/water-quality/data/measurement/SW-2498509-0117","http://environment.data.gov.uk/water-quality/id/sampling-point/SW-70593893","SW-70593893","PENNYMOOR STW FE",2000-01-21 14:00:00,"Nitrate-N","Nitrate as N","0117",NA,0.67,NA,"mg/l","STORM SEWER OVERFLOW DISCHARGE",FALSE,"UNPLANNED REACTIVE MONITORING (POLLUTION INCIDENTS)",286466,111653
"31","http://environment.data.gov.uk/water-quality/data/measurement/SW-2498510-0117","http://environment.data.gov.uk/water-quality/id/sampling-point/SW-70593893","SW-70593893","PENNYMOOR STW FE",2000-01-21 15:00:00,"Nitrate-N","Nitrate as N","0117",NA,0.79,NA,"mg/l","STORM SEWER OVERFLOW DISCHARGE",FALSE,"UNPLANNED REACTIVE MONITORING (POLLUTION INCIDENTS)",286466,111653
"32","http://environment.data.gov.uk/water-quality/data/measurement/SW-2596427-0117","http://environment.data.gov.uk/water-quality/id/sampling-point/SW-70599999","SW-70599999","MISCELLANEOUS CREEDY",2000-03-10 13:45:00,"Nitrate-N","Nitrate as N","0117",NA,2.5,NA,"mg/l","STORM SEWER OVERFLOW DISCHARGE",FALSE,"UNPLANNED REACTIVE MONITORING (POLLUTION INCIDENTS)",290800,95600
"33","http://environment.data.gov.uk/water-quality/data/measurement/SW-2564663-0117","http://environment.data.gov.uk/water-quality/id/sampling-point/SW-70619999","SW-70619999","MISCELLANEOUS TIDAL TEIGN AND TORBAY",2000-10-06 13:35:00,"Nitrate-N","Nitrate as N","0117",NA,0.9,NA,"mg/l","STORM SEWER OVERFLOW DISCHARGE",FALSE,"UNPLANNED REACTIVE MONITORING (POLLUTION INCIDENTS)",294300,72900
"34","http://environment.data.gov.uk/water-quality/data/measurement/SW-2562599-0117","http://environment.data.gov.uk/water-quality/id/sampling-point/SW-Z5550107","SW-Z5550107","BADMINTON STORM TANK",2000-10-01 15:30:00,"Nitrate-N","Nitrate as N","0117",NA,1.39,NA,"mg/l","STORM SEWER OVERFLOW DISCHARGE",FALSE,"UNPLANNED REACTIVE MONITORING (POLLUTION INCIDENTS)",381588,183127
"35","http://environment.data.gov.uk/water-quality/data/measurement/NE-1085231-0117","http://environment.data.gov.uk/water-quality/id/sampling-point/NE-49400073","NE-49400073","BECKFIELD ROAD SW OUTFALL,COTTINGLEY",2001-08-08 11:45:00,"Nitrate-N","Nitrate as N","0117",NA,1.05,NA,"mg/l","STORM SEWER OVERFLOW DISCHARGE",TRUE,"COMPLIANCE AUDIT (PERMIT)",411323,437503
"36","http://environment.data.gov.uk/water-quality/data/measurement/NW-1492179-0117","http://environment.data.gov.uk/water-quality/id/sampling-point/NW-88000073","NW-88000073","MISC RIVER SAMP (NOT CONT S/W) CHESHIRE",2001-11-15 14:49:00,"Nitrate-N","Nitrate as N","0117","<",0.5,NA,"mg/l","STORM SEWER OVERFLOW DISCHARGE",FALSE,"UNPLANNED REACTIVE MONITORING FORMAL (POLLUTION INCIDENTS)",500000,4
"37","http://environment.data.gov.uk/water-quality/data/measurement/NW-1486832-0117","http://environment.data.gov.uk/water-quality/id/sampling-point/NW-88002985","NW-88002985","MERE BROW STW            3X STORMWATER",2001-10-08 10:25:00,"Nitrate-N","Nitrate as N","0117",NA,2.51,NA,"mg/l","STORM SEWER OVERFLOW DISCHARGE",TRUE,"COMPLIANCE AUDIT (PERMIT)",342399,418902
"38","http://environment.data.gov.uk/water-quality/data/measurement/SO-627927-0117","http://environment.data.gov.uk/water-quality/id/sampling-point/SO-F0002116","SO-F0002116","LOWER OUSE DUMP-*CLOSED*",2001-01-31 15:00:00,"Nitrate-N","Nitrate as N","0117",NA,9.36,NA,"mg/l","STORM SEWER OVERFLOW DISCHARGE",FALSE,"UNPLANNED REACTIVE MONITORING (POLLUTION INCIDENTS)",500000,5
"39","http://environment.data.gov.uk/water-quality/data/measurement/SO-631256-0117","http://environment.data.gov.uk/water-quality/id/sampling-point/SO-F0002165","SO-F0002165","UPPER OUSE DUMP-*CLOSED*",2001-04-04 10:30:00,"Nitrate-N","Nitrate as N","0117",NA,1.1,NA,"mg/l","STORM SEWER OVERFLOW DISCHARGE",FALSE,"PLANNED INVESTIGATION (LOCAL MONITORING)",500000,5
"40","http://environment.data.gov.uk/water-quality/data/measurement/SO-628015-0117","http://environment.data.gov.uk/water-quality/id/sampling-point/SO-F0002465","SO-F0002465","ADUR WEST-DUMP-*CLOSED*",2001-02-02 09:30:00,"Nitrate-N","Nitrate as N","0117",NA,8.87,NA,"mg/l","STORM SEWER OVERFLOW DISCHARGE",FALSE,"PLANNED INVESTIGATION (LOCAL MONITORING)",500000,5
"41","http://environment.data.gov.uk/water-quality/data/measurement/SO-628016-0117","http://environment.data.gov.uk/water-quality/id/sampling-point/SO-F0002465","SO-F0002465","ADUR WEST-DUMP-*CLOSED*",2001-02-02 09:45:00,"Nitrate-N","Nitrate as N","0117",NA,9.8,NA,"mg/l","STORM SEWER OVERFLOW DISCHARGE",FALSE,"PLANNED INVESTIGATION (LOCAL MONITORING)",500000,5
"42","http://environment.data.gov.uk/water-quality/data/measurement/SO-628017-0117","http://environment.data.gov.uk/water-quality/id/sampling-point/SO-F0002465","SO-F0002465","ADUR WEST-DUMP-*CLOSED*",2001-02-02 10:00:00,"Nitrate-N","Nitrate as N","0117",NA,8.79,NA,"mg/l","STORM SEWER OVERFLOW DISCHARGE",FALSE,"PLANNED INVESTIGATION (LOCAL MONITORING)",500000,5
"43","http://environment.data.gov.uk/water-quality/data/measurement/SO-627333-0117","http://environment.data.gov.uk/water-quality/id/sampling-point/SO-G0003463","SO-G0003463","ASHLETT CREEK STW",2001-01-18 11:15:00,"Nitrate-N","Nitrate as N","0117",NA,0.83,NA,"mg/l","STORM SEWER OVERFLOW DISCHARGE",TRUE,"COMPLIANCE AUDIT (PERMIT)",446638,103108
"44","http://environment.data.gov.uk/water-quality/data/measurement/SO-627754-0117","http://environment.data.gov.uk/water-quality/id/sampling-point/SO-G0003463","SO-G0003463","ASHLETT CREEK STW",2001-02-02 09:30:00,"Nitrate-N","Nitrate as N","0117",NA,0.9,NA,"mg/l","STORM SEWER OVERFLOW DISCHARGE",TRUE,"COMPLIANCE AUDIT (PERMIT)",446638,103108
"45","http://environment.data.gov.uk/water-quality/data/measurement/SO-628925-0117","http://environment.data.gov.uk/water-quality/id/sampling-point/SO-G0003463","SO-G0003463","ASHLETT CREEK STW",2001-02-19 11:10:00,"Nitrate-N","Nitrate as N","0117",NA,0.9,NA,"mg/l","STORM SEWER OVERFLOW DISCHARGE",TRUE,"COMPLIANCE AUDIT (PERMIT)",446638,103108
"46","http://environment.data.gov.uk/water-quality/data/measurement/SO-631349-0117","http://environment.data.gov.uk/water-quality/id/sampling-point/SO-G0003463","SO-G0003463","ASHLETT CREEK STW",2001-04-04 09:52:00,"Nitrate-N","Nitrate as N","0117",NA,0.83,NA,"mg/l","STORM SEWER OVERFLOW DISCHARGE",TRUE,"COMPLIANCE AUDIT (PERMIT)",446638,103108
"47","http://environment.data.gov.uk/water-quality/data/measurement/SO-632519-0117","http://environment.data.gov.uk/water-quality/id/sampling-point/SO-G0003463","SO-G0003463","ASHLETT CREEK STW",2001-05-04 12:57:00,"Nitrate-N","Nitrate as N","0117",NA,0.9,NA,"mg/l","STORM SEWER OVERFLOW DISCHARGE",TRUE,"COMPLIANCE AUDIT (PERMIT)",446638,103108
"48","http://environment.data.gov.uk/water-quality/data/measurement/SO-635666-0117","http://environment.data.gov.uk/water-quality/id/sampling-point/SO-G0003463","SO-G0003463","ASHLETT CREEK STW",2001-06-18 10:48:00,"Nitrate-N","Nitrate as N","0117",NA,0.9,NA,"mg/l","STORM SEWER OVERFLOW DISCHARGE",TRUE,"COMPLIANCE AUDIT (PERMIT)",446638,103108
"49","http://environment.data.gov.uk/water-quality/data/measurement/SO-641529-0117","http://environment.data.gov.uk/water-quality/id/sampling-point/SO-G0003463","SO-G0003463","ASHLETT CREEK STW",2001-08-29 11:03:00,"Nitrate-N","Nitrate as N","0117",NA,0.9,NA,"mg/l","STORM SEWER OVERFLOW DISCHARGE",TRUE,"COMPLIANCE AUDIT (PERMIT)",446638,103108
"50","http://environment.data.gov.uk/water-quality/data/measurement/SO-643755-0117","http://environment.data.gov.uk/water-quality/id/sampling-point/SO-G0003463","SO-G0003463","ASHLETT CREEK STW",2001-09-28 11:13:00,"Nitrate-N","Nitrate as N","0117",NA,0.22,NA,"mg/l","STORM SEWER OVERFLOW DISCHARGE",TRUE,"COMPLIANCE AUDIT (PERMIT)",446638,103108
"51","http://environment.data.gov.uk/water-quality/data/measurement/SO-645446-0117","http://environment.data.gov.uk/water-quality/id/sampling-point/SO-G0003463","SO-G0003463","ASHLETT CREEK STW",2001-10-25 11:20:00,"Nitrate-N","Nitrate as N","0117",NA,0.3,NA,"mg/l","STORM SEWER OVERFLOW DISCHARGE",TRUE,"COMPLIANCE AUDIT (PERMIT)",446638,103108
"52","http://environment.data.gov.uk/water-quality/data/measurement/SO-646787-0117","http://environment.data.gov.uk/water-quality/id/sampling-point/SO-G0003463","SO-G0003463","ASHLETT CREEK STW",2001-11-13 10:38:00,"Nitrate-N","Nitrate as N","0117",NA,0.9,NA,"mg/l","STORM SEWER OVERFLOW DISCHARGE",TRUE,"COMPLIANCE AUDIT (PERMIT)",446638,103108
"53","http://environment.data.gov.uk/water-quality/data/measurement/SO-628048-0117","http://environment.data.gov.uk/water-quality/id/sampling-point/SO-G0003709","SO-G0003709","DUMP MEON-*CLOSED*",2001-01-24 12:46:00,"Nitrate-N","Nitrate as N","0117",NA,5.48,NA,"mg/l","STORM SEWER OVERFLOW DISCHARGE",FALSE,"UNPLANNED REACTIVE MONITORING (POLLUTION INCIDENTS)",500000,5
"54","http://environment.data.gov.uk/water-quality/data/measurement/SO-628049-0117","http://environment.data.gov.uk/water-quality/id/sampling-point/SO-G0003709","SO-G0003709","DUMP MEON-*CLOSED*",2001-01-24 12:50:00,"Nitrate-N","Nitrate as N","0117",NA,5.11,NA,"mg/l","STORM SEWER OVERFLOW DISCHARGE",FALSE,"UNPLANNED REACTIVE MONITORING (POLLUTION INCIDENTS)",500000,5
"55","http://environment.data.gov.uk/water-quality/data/measurement/SO-641448-0117","http://environment.data.gov.uk/water-quality/id/sampling-point/SO-G0003950","SO-G0003950","R TEST DUMP-*CLOSED*",2001-07-31 10:35:00,"Nitrate-N","Nitrate as N","0117",NA,4.3,NA,"mg/l","STORM SEWER OVERFLOW DISCHARGE",FALSE,"UNPLANNED REACTIVE MONITORING (POLLUTION INCIDENTS)",500000,5
"56","http://environment.data.gov.uk/water-quality/data/measurement/SO-641449-0117","http://environment.data.gov.uk/water-quality/id/sampling-point/SO-G0003950","SO-G0003950","R TEST DUMP-*CLOSED*",2001-08-02 15:00:00,"Nitrate-N","Nitrate as N","0117",NA,0.9,NA,"mg/l","STORM SEWER OVERFLOW DISCHARGE",FALSE,"UNPLANNED REACTIVE MONITORING (POLLUTION INCIDENTS)",500000,5
"57","http://environment.data.gov.uk/water-quality/data/measurement/SO-641450-0117","http://environment.data.gov.uk/water-quality/id/sampling-point/SO-G0003950","SO-G0003950","R TEST DUMP-*CLOSED*",2001-08-02 15:10:00,"Nitrate-N","Nitrate as N","0117",NA,5,NA,"mg/l","STORM SEWER OVERFLOW DISCHARGE",FALSE,"UNPLANNED REACTIVE MONITORING (POLLUTION INCIDENTS)",500000,5
"58","http://environment.data.gov.uk/water-quality/data/measurement/SW-2642217-0117","http://environment.data.gov.uk/water-quality/id/sampling-point/SW-63319999","SW-63319999","MISC BRISTOL AVON R CHEW CONF-SEVERN EST",2001-12-11 12:00:00,"Nitrate-N","Nitrate as N","0117",NA,4.14,NA,"mg/l","STORM SEWER OVERFLOW DISCHARGE",FALSE,"UNPLANNED REACTIVE MONITORING (POLLUTION INCIDENTS)",353000,176000
"59","http://environment.data.gov.uk/water-quality/data/measurement/SW-2642651-0117","http://environment.data.gov.uk/water-quality/id/sampling-point/SW-63319999","SW-63319999","MISC BRISTOL AVON R CHEW CONF-SEVERN EST",2001-12-16 12:30:00,"Nitrate-N","Nitrate as N","0117",NA,4.37,NA,"mg/l","STORM SEWER OVERFLOW DISCHARGE",FALSE,"UNPLANNED REACTIVE MONITORING (POLLUTION INCIDENTS)",353000,176000
"60","http://environment.data.gov.uk/water-quality/data/measurement/SW-2615045-0117","http://environment.data.gov.uk/water-quality/id/sampling-point/SW-81259999","SW-81259999","MISCELLANEOUS LOWER TAMAR",2001-11-12 13:30:00,"Nitrate-N","Nitrate as N","0117",NA,2.2,NA,"mg/l","STORM SEWER OVERFLOW DISCHARGE",FALSE,"UNPLANNED REACTIVE MONITORING (POLLUTION INCIDENTS)",243615,72592
"61","http://environment.data.gov.uk/water-quality/data/measurement/NE-1096539-0117","http://environment.data.gov.uk/water-quality/id/sampling-point/NE-49400073","NE-49400073","BECKFIELD ROAD SW OUTFALL,COTTINGLEY",2002-01-23 13:30:00,"Nitrate-N","Nitrate as N","0117",NA,3.35,NA,"mg/l","STORM SEWER OVERFLOW DISCHARGE",TRUE,"COMPLIANCE AUDIT (PERMIT)",411323,437503
"62","http://environment.data.gov.uk/water-quality/data/measurement/NE-1100522-0117","http://environment.data.gov.uk/water-quality/id/sampling-point/NE-49400073","NE-49400073","BECKFIELD ROAD SW OUTFALL,COTTINGLEY",2002-03-11 12:40:00,"Nitrate-N","Nitrate as N","0117",NA,1.92,NA,"mg/l","STORM SEWER OVERFLOW DISCHARGE",TRUE,"COMPLIANCE AUDIT (PERMIT)",411323,437503
"63","http://environment.data.gov.uk/water-quality/data/measurement/NE-1102006-0117","http://environment.data.gov.uk/water-quality/id/sampling-point/NE-49400073","NE-49400073","BECKFIELD ROAD SW OUTFALL,COTTINGLEY",2002-04-02 11:52:00,"Nitrate-N","Nitrate as N","0117",NA,2.23,NA,"mg/l","STORM SEWER OVERFLOW DISCHARGE",TRUE,"COMPLIANCE AUDIT (PERMIT)",411323,437503
"64","http://environment.data.gov.uk/water-quality/data/measurement/NE-1105509-0117","http://environment.data.gov.uk/water-quality/id/sampling-point/NE-49400073","NE-49400073","BECKFIELD ROAD SW OUTFALL,COTTINGLEY",2002-05-09 11:54:00,"Nitrate-N","Nitrate as N","0117",NA,1.36,NA,"mg/l","STORM SEWER OVERFLOW DISCHARGE",TRUE,"COMPLIANCE AUDIT (PERMIT)",411323,437503
"65","http://environment.data.gov.uk/water-quality/data/measurement/NE-1110106-0117","http://environment.data.gov.uk/water-quality/id/sampling-point/NE-49400073","NE-49400073","BECKFIELD ROAD SW OUTFALL,COTTINGLEY",2002-06-27 13:19:00,"Nitrate-N","Nitrate as N","0117",NA,1.92,NA,"mg/l","STORM SEWER OVERFLOW DISCHARGE",TRUE,"COMPLIANCE AUDIT (PERMIT)",411323,437503
"66","http://environment.data.gov.uk/water-quality/data/measurement/NE-1118989-0117","http://environment.data.gov.uk/water-quality/id/sampling-point/NE-49400073","NE-49400073","BECKFIELD ROAD SW OUTFALL,COTTINGLEY",2002-09-03 11:30:00,"Nitrate-N","Nitrate as N","0117",NA,1.04,NA,"mg/l","STORM SEWER OVERFLOW DISCHARGE",TRUE,"COMPLIANCE AUDIT (PERMIT)",411323,437503
"67","http://environment.data.gov.uk/water-quality/data/measurement/NE-1122846-0117","http://environment.data.gov.uk/water-quality/id/sampling-point/NE-49400073","NE-49400073","BECKFIELD ROAD SW OUTFALL,COTTINGLEY",2002-10-07 11:22:00,"Nitrate-N","Nitrate as N","0117",NA,0.537,NA,"mg/l","STORM SEWER OVERFLOW DISCHARGE",TRUE,"COMPLIANCE AUDIT (PERMIT)",411323,437503
"68","http://environment.data.gov.uk/water-quality/data/measurement/NW-1524150-0117","http://environment.data.gov.uk/water-quality/id/sampling-point/NW-88000047","NW-88000047","MISC SEW DISCH INC STORM SEW IN DIST 3",2002-06-28 11:50:00,"Nitrate-N","Nitrate as N","0117","<",0.929,NA,"mg/l","STORM SEWER OVERFLOW DISCHARGE",FALSE,"UNPLANNED REACTIVE MONITORING FORMAL (POLLUTION INCIDENTS)",500000,4
"69","http://environment.data.gov.uk/water-quality/data/measurement/NW-1520357-0117","http://environment.data.gov.uk/water-quality/id/sampling-point/NW-88010457","NW-88010457","STORM SEWAGE O/F TO CROSBY GARRETT BECK",2002-05-29 16:20:00,"Nitrate-N","Nitrate as N","0117","<",0.975,NA,"mg/l","STORM SEWER OVERFLOW DISCHARGE",TRUE,"COMPLIANCE AUDIT (PERMIT)",372770,510050
"70","http://environment.data.gov.uk/water-quality/data/measurement/SO-807762-0117","http://environment.data.gov.uk/water-quality/id/sampling-point/SO-E0000530","SO-E0000530","DUMP RIVER BEULT-*CLOSED*",2002-06-24 15:00:00,"Nitrate-N","Nitrate as N","0117",NA,0.9,NA,"mg/l","STORM SEWER OVERFLOW DISCHARGE",FALSE,"UNPLANNED REACTIVE MONITORING (POLLUTION INCIDENTS)",500000,5
"71","http://environment.data.gov.uk/water-quality/data/measurement/SO-651784-0117","http://environment.data.gov.uk/water-quality/id/sampling-point/SO-G0003463","SO-G0003463","ASHLETT CREEK STW",2002-01-23 10:39:00,"Nitrate-N","Nitrate as N","0117",NA,0.9,NA,"mg/l","STORM SEWER OVERFLOW DISCHARGE",TRUE,"COMPLIANCE AUDIT (PERMIT)",446638,103108
"72","http://environment.data.gov.uk/water-quality/data/measurement/SO-797800-0117","http://environment.data.gov.uk/water-quality/id/sampling-point/SO-G0003463","SO-G0003463","ASHLETT CREEK STW",2002-02-22 12:09:00,"Nitrate-N","Nitrate as N","0117",NA,0.9,NA,"mg/l","STORM SEWER OVERFLOW DISCHARGE",TRUE,"COMPLIANCE AUDIT (PERMIT)",446638,103108
"73","http://environment.data.gov.uk/water-quality/data/measurement/SO-801099-0117","http://environment.data.gov.uk/water-quality/id/sampling-point/SO-G0003463","SO-G0003463","ASHLETT CREEK STW",2002-03-25 10:28:00,"Nitrate-N","Nitrate as N","0117",NA,0.9,NA,"mg/l","STORM SEWER OVERFLOW DISCHARGE",TRUE,"COMPLIANCE AUDIT (PERMIT)",446638,103108
"74","http://environment.data.gov.uk/water-quality/data/measurement/SO-802945-0117","http://environment.data.gov.uk/water-quality/id/sampling-point/SO-G0003463","SO-G0003463","ASHLETT CREEK STW",2002-04-22 10:38:00,"Nitrate-N","Nitrate as N","0117",NA,0.9,NA,"mg/l","STORM SEWER OVERFLOW DISCHARGE",TRUE,"COMPLIANCE AUDIT (PERMIT)",446638,103108
"75","http://environment.data.gov.uk/water-quality/data/measurement/SO-807114-0117","http://environment.data.gov.uk/water-quality/id/sampling-point/SO-G0003463","SO-G0003463","ASHLETT CREEK STW",2002-06-18 10:59:00,"Nitrate-N","Nitrate as N","0117",NA,0.9,NA,"mg/l","STORM SEWER OVERFLOW DISCHARGE",TRUE,"COMPLIANCE AUDIT (PERMIT)",446638,103108
"76","http://environment.data.gov.uk/water-quality/data/measurement/SO-813958-0117","http://environment.data.gov.uk/water-quality/id/sampling-point/SO-G0003463","SO-G0003463","ASHLETT CREEK STW",2002-09-04 11:19:00,"Nitrate-N","Nitrate as N","0117",NA,3.26,NA,"mg/l","STORM SEWER OVERFLOW DISCHARGE",TRUE,"COMPLIANCE AUDIT (PERMIT)",446638,103108
"77","http://environment.data.gov.uk/water-quality/data/measurement/SO-818271-0117","http://environment.data.gov.uk/water-quality/id/sampling-point/SO-G0003463","SO-G0003463","ASHLETT CREEK STW",2002-10-23 12:50:00,"Nitrate-N","Nitrate as N","0117",NA,1,NA,"mg/l","STORM SEWER OVERFLOW DISCHARGE",TRUE,"COMPLIANCE AUDIT (PERMIT)",446638,103108
"78","http://environment.data.gov.uk/water-quality/data/measurement/SO-818740-0117","http://environment.data.gov.uk/water-quality/id/sampling-point/SO-G0003463","SO-G0003463","ASHLETT CREEK STW",2002-10-31 09:53:00,"Nitrate-N","Nitrate as N","0117",NA,0.9,NA,"mg/l","STORM SEWER OVERFLOW DISCHARGE",TRUE,"COMPLIANCE AUDIT (PERMIT)",446638,103108
"79","http://environment.data.gov.uk/water-quality/data/measurement/SO-823165-0117","http://environment.data.gov.uk/water-quality/id/sampling-point/SO-G0003463","SO-G0003463","ASHLETT CREEK STW",2002-11-29 12:17:00,"Nitrate-N","Nitrate as N","0117",NA,1.41,NA,"mg/l","STORM SEWER OVERFLOW DISCHARGE",TRUE,"COMPLIANCE AUDIT (PERMIT)",446638,103108
"80","http://environment.data.gov.uk/water-quality/data/measurement/SO-823826-0117","http://environment.data.gov.uk/water-quality/id/sampling-point/SO-G0003463","SO-G0003463","ASHLETT CREEK STW",2002-12-09 11:40:00,"Nitrate-N","Nitrate as N","0117",NA,1.3,NA,"mg/l","STORM SEWER OVERFLOW DISCHARGE",TRUE,"COMPLIANCE AUDIT (PERMIT)",446638,103108
"81","http://environment.data.gov.uk/water-quality/data/measurement/SO-824526-0117","http://environment.data.gov.uk/water-quality/id/sampling-point/SO-G0003463","SO-G0003463","ASHLETT CREEK STW",2002-12-16 11:06:00,"Nitrate-N","Nitrate as N","0117",NA,1.1,NA,"mg/l","STORM SEWER OVERFLOW DISCHARGE",TRUE,"COMPLIANCE AUDIT (PERMIT)",446638,103108
"82","http://environment.data.gov.uk/water-quality/data/measurement/SO-822548-0117","http://environment.data.gov.uk/water-quality/id/sampling-point/SO-G0004238","SO-G0004238","NEW FOREST STREAMS DUMP-CLOSED",2002-11-24 13:05:00,"Nitrate-N","Nitrate as N","0117",NA,3,NA,"mg/l","STORM SEWER OVERFLOW DISCHARGE",FALSE,"UNPLANNED REACTIVE MONITORING (POLLUTION INCIDENTS)",500000,5
"83","http://environment.data.gov.uk/water-quality/data/measurement/SW-2663629-0117","http://environment.data.gov.uk/water-quality/id/sampling-point/SW-70539999","SW-70539999","MISCELLANEOUS CULM CATCHMENT",2002-06-05 12:00:00,"Nitrate-N","Nitrate as N","0117",NA,6.19,NA,"mg/l","STORM SEWER OVERFLOW DISCHARGE",FALSE,"UNPLANNED REACTIVE MONITORING (POLLUTION INCIDENTS)",293300,96800
"84","http://environment.data.gov.uk/water-quality/data/measurement/NE-1132841-0117","http://environment.data.gov.uk/water-quality/id/sampling-point/NE-49400073","NE-49400073","BECKFIELD ROAD SW OUTFALL,COTTINGLEY",2003-01-15 10:54:00,"Nitrate-N","Nitrate as N","0117",NA,2.13,NA,"mg/l","STORM SEWER OVERFLOW DISCHARGE",TRUE,"COMPLIANCE AUDIT (PERMIT)",411323,437503
"85","http://environment.data.gov.uk/water-quality/data/measurement/NE-1135180-0117","http://environment.data.gov.uk/water-quality/id/sampling-point/NE-49400073","NE-49400073","BECKFIELD ROAD SW OUTFALL,COTTINGLEY",2003-02-11 12:36:00,"Nitrate-N","Nitrate as N","0117",NA,2.6,NA,"mg/l","STORM SEWER OVERFLOW DISCHARGE",TRUE,"COMPLIANCE AUDIT (PERMIT)",411323,437503
"86","http://environment.data.gov.uk/water-quality/data/measurement/NE-1139868-0117","http://environment.data.gov.uk/water-quality/id/sampling-point/NE-49400073","NE-49400073","BECKFIELD ROAD SW OUTFALL,COTTINGLEY",2003-03-13 11:47:00,"Nitrate-N","Nitrate as N","0117",NA,1.88,NA,"mg/l","STORM SEWER OVERFLOW DISCHARGE",TRUE,"COMPLIANCE AUDIT (PERMIT)",411323,437503
"87","http://environment.data.gov.uk/water-quality/data/measurement/NE-1142300-0117","http://environment.data.gov.uk/water-quality/id/sampling-point/NE-49400073","NE-49400073","BECKFIELD ROAD SW OUTFALL,COTTINGLEY",2003-04-10 11:15:00,"Nitrate-N","Nitrate as N","0117",NA,1.46,NA,"mg/l","STORM SEWER OVERFLOW DISCHARGE",TRUE,"COMPLIANCE AUDIT (PERMIT)",411323,437503
"88","http://environment.data.gov.uk/water-quality/data/measurement/NE-1144381-0117","http://environment.data.gov.uk/water-quality/id/sampling-point/NE-49400073","NE-49400073","BECKFIELD ROAD SW OUTFALL,COTTINGLEY",2003-05-13 10:30:00,"Nitrate-N","Nitrate as N","0117",NA,1.43,NA,"mg/l","STORM SEWER OVERFLOW DISCHARGE",TRUE,"COMPLIANCE AUDIT (PERMIT)",411323,437503
"89","http://environment.data.gov.uk/water-quality/data/measurement/NE-1148080-0117","http://environment.data.gov.uk/water-quality/id/sampling-point/NE-49400073","NE-49400073","BECKFIELD ROAD SW OUTFALL,COTTINGLEY",2003-06-20 09:30:00,"Nitrate-N","Nitrate as N","0117",NA,0.271,NA,"mg/l","STORM SEWER OVERFLOW DISCHARGE",TRUE,"COMPLIANCE AUDIT (PERMIT)",411323,437503
"90","http://environment.data.gov.uk/water-quality/data/measurement/NE-1149842-0117","http://environment.data.gov.uk/water-quality/id/sampling-point/NE-49400073","NE-49400073","BECKFIELD ROAD SW OUTFALL,COTTINGLEY",2003-07-09 09:18:00,"Nitrate-N","Nitrate as N","0117",NA,1.6,NA,"mg/l","STORM SEWER OVERFLOW DISCHARGE",TRUE,"COMPLIANCE AUDIT (PERMIT)",411323,437503
"91","http://environment.data.gov.uk/water-quality/data/measurement/NE-1161723-0117","http://environment.data.gov.uk/water-quality/id/sampling-point/NE-49400073","NE-49400073","BECKFIELD ROAD SW OUTFALL,COTTINGLEY",2003-11-03 11:57:00,"Nitrate-N","Nitrate as N","0117",NA,0.623,NA,"mg/l","STORM SEWER OVERFLOW DISCHARGE",TRUE,"COMPLIANCE AUDIT (PERMIT)",411323,437503
"92","http://environment.data.gov.uk/water-quality/data/measurement/NE-1164410-0117","http://environment.data.gov.uk/water-quality/id/sampling-point/NE-49400073","NE-49400073","BECKFIELD ROAD SW OUTFALL,COTTINGLEY",2003-12-01 11:24:00,"Nitrate-N","Nitrate as N","0117",NA,3.74,NA,"mg/l","STORM SEWER OVERFLOW DISCHARGE",TRUE,"COMPLIANCE AUDIT (PERMIT)",411323,437503
"93","http://environment.data.gov.uk/water-quality/data/measurement/NW-1585822-0117","http://environment.data.gov.uk/water-quality/id/sampling-point/NW-88000045","NW-88000045","MISC RIVER SAMP (NOT CONT SW) IN DIST 3",2003-10-21 14:30:00,"Nitrate-N","Nitrate as N","0117",NA,0.198,NA,"mg/l","STORM SEWER OVERFLOW DISCHARGE",FALSE,"UNPLANNED REACTIVE MONITORING (POLLUTION INCIDENTS)",500000,4
"94","http://environment.data.gov.uk/water-quality/data/measurement/NW-1574438-0117","http://environment.data.gov.uk/water-quality/id/sampling-point/NW-88000065","NW-88000065","MISC SEW DISCH INC STORM SEW MERSEYSIDE",2003-08-13 09:45:00,"Nitrate-N","Nitrate as N","0117",NA,0.24,NA,"mg/l","STORM SEWER OVERFLOW DISCHARGE",FALSE,"UNPLANNED REACTIVE MONITORING (POLLUTION INCIDENTS)",500000,4
"95","http://environment.data.gov.uk/water-quality/data/measurement/NW-1593413-0117","http://environment.data.gov.uk/water-quality/id/sampling-point/NW-88003335","NW-88003335","PRESTON ET WORKS STORM TANK EFFLUENT",2003-11-27 08:30:00,"Nitrate-N","Nitrate as N","0117",NA,0.504,NA,"mg/l","STORM SEWER OVERFLOW DISCHARGE",TRUE,"COMPLIANCE AUDIT (PERMIT)",345769,427892
"96","http://environment.data.gov.uk/water-quality/data/measurement/NW-1574270-0117","http://environment.data.gov.uk/water-quality/id/sampling-point/NW-88020022","NW-88020022","MISC SAMPLES ON TAME GOYT ETHEROW LEAP",2003-08-12 13:30:00,"Nitrate-N","Nitrate as N","0117",NA,0.907,NA,"mg/l","STORM SEWER OVERFLOW DISCHARGE",FALSE,"UNPLANNED REACTIVE MONITORING (POLLUTION INCIDENTS)",500000,4
"97","http://environment.data.gov.uk/water-quality/data/measurement/NW-1581344-0117","http://environment.data.gov.uk/water-quality/id/sampling-point/NW-88020022","NW-88020022","MISC SAMPLES ON TAME GOYT ETHEROW LEAP",2003-09-18 12:25:00,"Nitrate-N","Nitrate as N","0117",NA,0.936,NA,"mg/l","STORM SEWER OVERFLOW DISCHARGE",FALSE,"UNPLANNED REACTIVE MONITORING FORMAL (POLLUTION INCIDENTS)",500000,4
"98","http://environment.data.gov.uk/water-quality/data/measurement/SO-826664-0117","http://environment.data.gov.uk/water-quality/id/sampling-point/SO-G0003463","SO-G0003463","ASHLETT CREEK STW",2003-01-14 10:38:00,"Nitrate-N","Nitrate as N","0117",NA,1.3,NA,"mg/l","STORM SEWER OVERFLOW DISCHARGE",TRUE,"COMPLIANCE AUDIT (PERMIT)",446638,103108
"99","http://environment.data.gov.uk/water-quality/data/measurement/SO-828614-0117","http://environment.data.gov.uk/water-quality/id/sampling-point/SO-G0003463","SO-G0003463","ASHLETT CREEK STW",2003-02-13 10:24:00,"Nitrate-N","Nitrate as N","0117","<",0.9,NA,"mg/l","STORM SEWER OVERFLOW DISCHARGE",TRUE,"COMPLIANCE AUDIT (PERMIT)",446638,103108
"100","http://environment.data.gov.uk/water-quality/data/measurement/SO-830452-0117","http://environment.data.gov.uk/water-quality/id/sampling-point/SO-G0003463","SO-G0003463","ASHLETT CREEK STW",2003-03-13 09:56:00,"Nitrate-N","Nitrate as N","0117","<",0.9,NA,"mg/l","STORM SEWER OVERFLOW DISCHARGE",TRUE,"COMPLIANCE AUDIT (PERMIT)",446638,103108
"101","http://environment.data.gov.uk/water-quality/data/measurement/SO-837764-0117","http://environment.data.gov.uk/water-quality/id/sampling-point/SO-G0003463","SO-G0003463","ASHLETT CREEK STW",2003-06-06 11:14:00,"Nitrate-N","Nitrate as N","0117","<",0.9,NA,"mg/l","STORM SEWER OVERFLOW DISCHARGE",TRUE,"COMPLIANCE AUDIT (PERMIT)",446638,103108
"102","http://environment.data.gov.uk/water-quality/data/measurement/SO-838232-0117","http://environment.data.gov.uk/water-quality/id/sampling-point/SO-G0003463","SO-G0003463","ASHLETT CREEK STW",2003-06-12 11:46:00,"Nitrate-N","Nitrate as N","0117","<",0.9,NA,"mg/l","STORM SEWER OVERFLOW DISCHARGE",TRUE,"COMPLIANCE AUDIT (PERMIT)",446638,103108
"103","http://environment.data.gov.uk/water-quality/data/measurement/SO-840353-0117","http://environment.data.gov.uk/water-quality/id/sampling-point/SO-G0003463","SO-G0003463","ASHLETT CREEK STW",2003-07-09 11:30:00,"Nitrate-N","Nitrate as N","0117","<",0.9,NA,"mg/l","STORM SEWER OVERFLOW DISCHARGE",TRUE,"COMPLIANCE AUDIT (PERMIT)",446638,103108
"104","http://environment.data.gov.uk/water-quality/data/measurement/SO-843502-0117","http://environment.data.gov.uk/water-quality/id/sampling-point/SO-G0003463","SO-G0003463","ASHLETT CREEK STW",2003-08-20 08:47:00,"Nitrate-N","Nitrate as N","0117",NA,0.32,NA,"mg/l","STORM SEWER OVERFLOW DISCHARGE",TRUE,"COMPLIANCE AUDIT (PERMIT)",446638,103108
"105","http://environment.data.gov.uk/water-quality/data/measurement/SO-849101-0117","http://environment.data.gov.uk/water-quality/id/sampling-point/SO-G0003463","SO-G0003463","ASHLETT CREEK STW",2003-10-28 11:07:00,"Nitrate-N","Nitrate as N","0117",NA,1.57,NA,"mg/l","STORM SEWER OVERFLOW DISCHARGE",TRUE,"COMPLIANCE AUDIT (PERMIT)",446638,103108
"106","http://environment.data.gov.uk/water-quality/data/measurement/SO-851375-0117","http://environment.data.gov.uk/water-quality/id/sampling-point/SO-G0003463","SO-G0003463","ASHLETT CREEK STW",2003-12-02 08:55:00,"Nitrate-N","Nitrate as N","0117",NA,4.84,NA,"mg/l","STORM SEWER OVERFLOW DISCHARGE",TRUE,"COMPLIANCE AUDIT (PERMIT)",446638,103108
"107","http://environment.data.gov.uk/water-quality/data/measurement/SO-852267-0117","http://environment.data.gov.uk/water-quality/id/sampling-point/SO-G0003463","SO-G0003463","ASHLETT CREEK STW",2003-12-11 10:10:00,"Nitrate-N","Nitrate as N","0117",NA,0.87,NA,"mg/l","STORM SEWER OVERFLOW DISCHARGE",TRUE,"COMPLIANCE AUDIT (PERMIT)",446638,103108
"108","http://environment.data.gov.uk/water-quality/data/measurement/SO-826714-0117","http://environment.data.gov.uk/water-quality/id/sampling-point/SO-G0003609","SO-G0003609","DUMP WINCHESTER FORMAL-*CLOSED",2003-01-10 13:15:00,"Nitrate-N","Nitrate as N","0117",NA,0.157,NA,"mg/l","STORM SEWER OVERFLOW DISCHARGE",FALSE,"UNPLANNED REACTIVE MONITORING FORMAL (POLLUTION INCIDENTS)",500000,5
"109","http://environment.data.gov.uk/water-quality/data/measurement/SO-825159-0117","http://environment.data.gov.uk/water-quality/id/sampling-point/SO-Y0004349","SO-Y0004349","IOW STREAMS DUMP-*CLOSED*",2003-01-02 11:15:00,"Nitrate-N","Nitrate as N","0117",NA,4.37,NA,"mg/l","STORM SEWER OVERFLOW DISCHARGE",FALSE,"UNPLANNED REACTIVE MONITORING (POLLUTION INCIDENTS)",500000,5
"110","http://environment.data.gov.uk/water-quality/data/measurement/SO-825160-0117","http://environment.data.gov.uk/water-quality/id/sampling-point/SO-Y0004349","SO-Y0004349","IOW STREAMS DUMP-*CLOSED*",2003-01-02 11:32:00,"Nitrate-N","Nitrate as N","0117",NA,3.8,NA,"mg/l","STORM SEWER OVERFLOW DISCHARGE",FALSE,"UNPLANNED REACTIVE MONITORING (POLLUTION INCIDENTS)",500000,5
"111","http://environment.data.gov.uk/water-quality/data/measurement/SO-827045-0117","http://environment.data.gov.uk/water-quality/id/sampling-point/SO-Y0004349","SO-Y0004349","IOW STREAMS DUMP-*CLOSED*",2003-01-20 13:50:00,"Nitrate-N","Nitrate as N","0117",NA,2.11,NA,"mg/l","STORM SEWER OVERFLOW DISCHARGE",FALSE,"UNPLANNED REACTIVE MONITORING (POLLUTION INCIDENTS)",500000,5
"112","http://environment.data.gov.uk/water-quality/data/measurement/SW-2721529-0117","http://environment.data.gov.uk/water-quality/id/sampling-point/SW-70119999","SW-70119999","MISCELLANEOUS LIM CATCHMENT",2003-06-20 14:25:00,"Nitrate-N","Nitrate as N","0117",NA,0.185,NA,"mg/l","STORM SEWER OVERFLOW DISCHARGE",FALSE,"UNPLANNED REACTIVE MONITORING (POLLUTION INCIDENTS)",335100,92900
"113","http://environment.data.gov.uk/water-quality/data/measurement/NE-1166245-0117","http://environment.data.gov.uk/water-quality/id/sampling-point/NE-49400073","NE-49400073","BECKFIELD ROAD SW OUTFALL,COTTINGLEY",2004-01-05 10:36:00,"Nitrate-N","Nitrate as N","0117",NA,4.83,NA,"mg/l","STORM SEWER OVERFLOW DISCHARGE",TRUE,"COMPLIANCE AUDIT (PERMIT)",411323,437503
"114","http://environment.data.gov.uk/water-quality/data/measurement/NE-1169004-0117","http://environment.data.gov.uk/water-quality/id/sampling-point/NE-49400073","NE-49400073","BECKFIELD ROAD SW OUTFALL,COTTINGLEY",2004-01-30 09:24:00,"Nitrate-N","Nitrate as N","0117",NA,3.22,NA,"mg/l","STORM SEWER OVERFLOW DISCHARGE",TRUE,"COMPLIANCE AUDIT (PERMIT)",411323,437503
"115","http://environment.data.gov.uk/water-quality/data/measurement/NE-1171741-0117","http://environment.data.gov.uk/water-quality/id/sampling-point/NE-49400073","NE-49400073","BECKFIELD ROAD SW OUTFALL,COTTINGLEY",2004-03-03 09:18:00,"Nitrate-N","Nitrate as N","0117",NA,2.35,NA,"mg/l","STORM SEWER OVERFLOW DISCHARGE",TRUE,"COMPLIANCE AUDIT (PERMIT)",411323,437503
"116","http://environment.data.gov.uk/water-quality/data/measurement/NE-1173852-0117","http://environment.data.gov.uk/water-quality/id/sampling-point/NE-49400073","NE-49400073","BECKFIELD ROAD SW OUTFALL,COTTINGLEY",2004-03-31 08:16:00,"Nitrate-N","Nitrate as N","0117",NA,2.65,NA,"mg/l","STORM SEWER OVERFLOW DISCHARGE",TRUE,"COMPLIANCE AUDIT (PERMIT)",411323,437503
"117","http://environment.data.gov.uk/water-quality/data/measurement/NE-1176101-0117","http://environment.data.gov.uk/water-quality/id/sampling-point/NE-49400073","NE-49400073","BECKFIELD ROAD SW OUTFALL,COTTINGLEY",2004-04-29 08:41:00,"Nitrate-N","Nitrate as N","0117",NA,2.33,NA,"mg/l","STORM SEWER OVERFLOW DISCHARGE",TRUE,"COMPLIANCE AUDIT (PERMIT)",411323,437503
"118","http://environment.data.gov.uk/water-quality/data/measurement/NE-1179212-0117","http://environment.data.gov.uk/water-quality/id/sampling-point/NE-49400073","NE-49400073","BECKFIELD ROAD SW OUTFALL,COTTINGLEY",2004-06-02 11:10:00,"Nitrate-N","Nitrate as N","0117",NA,1.53,NA,"mg/l","STORM SEWER OVERFLOW DISCHARGE",TRUE,"COMPLIANCE AUDIT (PERMIT)",411323,437503
"119","http://environment.data.gov.uk/water-quality/data/measurement/NE-1181374-0117","http://environment.data.gov.uk/water-quality/id/sampling-point/NE-49400073","NE-49400073","BECKFIELD ROAD SW OUTFALL,COTTINGLEY",2004-06-28 10:59:00,"Nitrate-N","Nitrate as N","0117",NA,1.09,NA,"mg/l","STORM SEWER OVERFLOW DISCHARGE",TRUE,"COMPLIANCE AUDIT (PERMIT)",411323,437503
"120","http://environment.data.gov.uk/water-quality/data/measurement/NE-1187297-0117","http://environment.data.gov.uk/water-quality/id/sampling-point/NE-49400073","NE-49400073","BECKFIELD ROAD SW OUTFALL,COTTINGLEY",2004-08-26 09:42:00,"Nitrate-N","Nitrate as N","0117",NA,0.811,NA,"mg/l","STORM SEWER OVERFLOW DISCHARGE",TRUE,"COMPLIANCE AUDIT (PERMIT)",411323,437503
"121","http://environment.data.gov.uk/water-quality/data/measurement/NE-1190193-0117","http://environment.data.gov.uk/water-quality/id/sampling-point/NE-49400073","NE-49400073","BECKFIELD ROAD SW OUTFALL,COTTINGLEY",2004-09-27 08:44:00,"Nitrate-N","Nitrate as N","0117",NA,0.894,NA,"mg/l","STORM SEWER OVERFLOW DISCHARGE",TRUE,"COMPLIANCE AUDIT (PERMIT)",411323,437503
"122","http://environment.data.gov.uk/water-quality/data/measurement/NE-1192841-0117","http://environment.data.gov.uk/water-quality/id/sampling-point/NE-49400073","NE-49400073","BECKFIELD ROAD SW OUTFALL,COTTINGLEY",2004-10-26 08:58:00,"Nitrate-N","Nitrate as N","0117",NA,2.62,NA,"mg/l","STORM SEWER OVERFLOW DISCHARGE",TRUE,"COMPLIANCE AUDIT (PERMIT)",411323,437503
"123","http://environment.data.gov.uk/water-quality/data/measurement/NE-1204110-0117","http://environment.data.gov.uk/water-quality/id/sampling-point/NE-49400073","NE-49400073","BECKFIELD ROAD SW OUTFALL,COTTINGLEY",2004-11-25 09:01:00,"Nitrate-N","Nitrate as N","0117",NA,1.7,NA,"mg/l","STORM SEWER OVERFLOW DISCHARGE",TRUE,"COMPLIANCE AUDIT (PERMIT)",411323,437503
"124","http://environment.data.gov.uk/water-quality/data/measurement/NE-1205504-0117","http://environment.data.gov.uk/water-quality/id/sampling-point/NE-49400073","NE-49400073","BECKFIELD ROAD SW OUTFALL,COTTINGLEY",2004-12-08 08:41:00,"Nitrate-N","Nitrate as N","0117",NA,1.38,NA,"mg/l","STORM SEWER OVERFLOW DISCHARGE",TRUE,"COMPLIANCE AUDIT (PERMIT)",411323,437503
"125","http://environment.data.gov.uk/water-quality/data/measurement/NW-1605135-0117","http://environment.data.gov.uk/water-quality/id/sampling-point/NW-88000047","NW-88000047","MISC SEW DISCH INC STORM SEW IN DIST 3",2004-04-01 11:35:00,"Nitrate-N","Nitrate as N","0117",NA,1.16,NA,"mg/l","STORM SEWER OVERFLOW DISCHARGE",FALSE,"UNPLANNED REACTIVE MONITORING FORMAL (POLLUTION INCIDENTS)",500000,4
"126","http://environment.data.gov.uk/water-quality/data/measurement/NW-1632136-0117","http://environment.data.gov.uk/water-quality/id/sampling-point/NW-88000083","NW-88000083","MISC SEW DISCH INC STORM SEW IN DIST 7",2004-09-08 11:50:00,"Nitrate-N","Nitrate as N","0117",NA,0.149,NA,"mg/l","STORM SEWER OVERFLOW DISCHARGE",FALSE,"UNPLANNED REACTIVE MONITORING FORMAL (POLLUTION INCIDENTS)",500000,4
"127","http://environment.data.gov.uk/water-quality/data/measurement/NW-1599062-0117","http://environment.data.gov.uk/water-quality/id/sampling-point/NW-88000084","NW-88000084","MISC SURFACE WATER DISCH IN DISTRICT 7",2004-01-29 10:30:00,"Nitrate-N","Nitrate as N","0117",NA,18.8,NA,"mg/l","STORM SEWER OVERFLOW DISCHARGE",FALSE,"UNPLANNED REACTIVE MONITORING FORMAL (POLLUTION INCIDENTS)",500000,4
"128","http://environment.data.gov.uk/water-quality/data/measurement/SO-854140-0117","http://environment.data.gov.uk/water-quality/id/sampling-point/SO-G0003463","SO-G0003463","ASHLETT CREEK STW",2004-01-20 10:41:00,"Nitrate-N","Nitrate as N","0117","<",0.9,NA,"mg/l","STORM SEWER OVERFLOW DISCHARGE",TRUE,"COMPLIANCE AUDIT (PERMIT)",446638,103108
"129","http://environment.data.gov.uk/water-quality/data/measurement/SO-858106-0117","http://environment.data.gov.uk/water-quality/id/sampling-point/SO-G0003463","SO-G0003463","ASHLETT CREEK STW",2004-03-16 10:07:00,"Nitrate-N","Nitrate as N","0117","<",0.9,NA,"mg/l","STORM SEWER OVERFLOW DISCHARGE",TRUE,"COMPLIANCE AUDIT (PERMIT)",446638,103108
"130","http://environment.data.gov.uk/water-quality/data/measurement/SO-861530-0117","http://environment.data.gov.uk/water-quality/id/sampling-point/SO-G0003463","SO-G0003463","ASHLETT CREEK STW",2004-05-12 10:19:00,"Nitrate-N","Nitrate as N","0117","<",0.9,NA,"mg/l","STORM SEWER OVERFLOW DISCHARGE",TRUE,"COMPLIANCE AUDIT (PERMIT)",446638,103108
"131","http://environment.data.gov.uk/water-quality/data/measurement/SO-861677-0117","http://environment.data.gov.uk/water-quality/id/sampling-point/SO-G0003463","SO-G0003463","ASHLETT CREEK STW",2004-05-13 10:29:00,"Nitrate-N","Nitrate as N","0117","<",0.9,NA,"mg/l","STORM SEWER OVERFLOW DISCHARGE",TRUE,"COMPLIANCE AUDIT (PERMIT)",446638,103108
"132","http://environment.data.gov.uk/water-quality/data/measurement/SO-864224-0117","http://environment.data.gov.uk/water-quality/id/sampling-point/SO-G0003463","SO-G0003463","ASHLETT CREEK STW",2004-06-11 10:37:00,"Nitrate-N","Nitrate as N","0117","<",0.9,NA,"mg/l","STORM SEWER OVERFLOW DISCHARGE",TRUE,"COMPLIANCE AUDIT (PERMIT)",446638,103108
"133","http://environment.data.gov.uk/water-quality/data/measurement/SO-879620-0117","http://environment.data.gov.uk/water-quality/id/sampling-point/SO-G0003463","SO-G0003463","ASHLETT CREEK STW",2004-07-29 10:02:00,"Nitrate-N","Nitrate as N","0117","<",0.9,NA,"mg/l","STORM SEWER OVERFLOW DISCHARGE",TRUE,"COMPLIANCE AUDIT (PERMIT)",446638,103108
"134","http://environment.data.gov.uk/water-quality/data/measurement/SO-882480-0117","http://environment.data.gov.uk/water-quality/id/sampling-point/SO-G0003463","SO-G0003463","ASHLETT CREEK STW",2004-08-26 11:21:00,"Nitrate-N","Nitrate as N","0117","<",0.9,NA,"mg/l","STORM SEWER OVERFLOW DISCHARGE",TRUE,"COMPLIANCE AUDIT (PERMIT)",446638,103108
"135","http://environment.data.gov.uk/water-quality/data/measurement/SO-883356-0117","http://environment.data.gov.uk/water-quality/id/sampling-point/SO-G0003463","SO-G0003463","ASHLETT CREEK STW",2004-09-08 10:39:00,"Nitrate-N","Nitrate as N","0117","<",0.9,NA,"mg/l","STORM SEWER OVERFLOW DISCHARGE",TRUE,"COMPLIANCE AUDIT (PERMIT)",446638,103108
"136","http://environment.data.gov.uk/water-quality/data/measurement/SO-886769-0117","http://environment.data.gov.uk/water-quality/id/sampling-point/SO-G0003463","SO-G0003463","ASHLETT CREEK STW",2004-10-26 10:48:00,"Nitrate-N","Nitrate as N","0117","<",0.9,NA,"mg/l","STORM SEWER OVERFLOW DISCHARGE",TRUE,"COMPLIANCE AUDIT (PERMIT)",446638,103108
"137","http://environment.data.gov.uk/water-quality/data/measurement/SO-889273-0117","http://environment.data.gov.uk/water-quality/id/sampling-point/SO-G0003463","SO-G0003463","ASHLETT CREEK STW",2004-11-09 10:42:00,"Nitrate-N","Nitrate as N","0117","<",0.9,NA,"mg/l","STORM SEWER OVERFLOW DISCHARGE",TRUE,"COMPLIANCE AUDIT (PERMIT)",446638,103108
"138","http://environment.data.gov.uk/water-quality/data/measurement/SO-891289-0117","http://environment.data.gov.uk/water-quality/id/sampling-point/SO-G0003463","SO-G0003463","ASHLETT CREEK STW",2004-12-08 10:20:00,"Nitrate-N","Nitrate as N","0117","<",0.9,NA,"mg/l","STORM SEWER OVERFLOW DISCHARGE",TRUE,"COMPLIANCE AUDIT (PERMIT)",446638,103108
"139","http://environment.data.gov.uk/water-quality/data/measurement/SO-861244-0117","http://environment.data.gov.uk/water-quality/id/sampling-point/SO-G0003951","SO-G0003951","HANNINGTON OAKLEY STW",2004-05-10 09:05:00,"Nitrate-N","Nitrate as N","0117","<",0.9,NA,"mg/l","STORM SEWER OVERFLOW DISCHARGE",TRUE,"COMPLIANCE AUDIT (PERMIT)",453850,154850
"140","http://environment.data.gov.uk/water-quality/data/measurement/NE-1210940-0117","http://environment.data.gov.uk/water-quality/id/sampling-point/NE-49400073","NE-49400073","BECKFIELD ROAD SW OUTFALL,COTTINGLEY",2005-01-26 08:47:00,"Nitrate-N","Nitrate as N","0117",NA,2.54,NA,"mg/l","STORM SEWER OVERFLOW DISCHARGE",TRUE,"COMPLIANCE AUDIT (PERMIT)",411323,437503
"141","http://environment.data.gov.uk/water-quality/data/measurement/NE-1214910-0117","http://environment.data.gov.uk/water-quality/id/sampling-point/NE-49400073","NE-49400073","BECKFIELD ROAD SW OUTFALL,COTTINGLEY",2005-02-25 10:53:00,"Nitrate-N","Nitrate as N","0117",NA,2.05,NA,"mg/l","STORM SEWER OVERFLOW DISCHARGE",TRUE,"COMPLIANCE AUDIT (PERMIT)",411323,437503
"142","http://environment.data.gov.uk/water-quality/data/measurement/NE-1217481-0117","http://environment.data.gov.uk/water-quality/id/sampling-point/NE-49400073","NE-49400073","BECKFIELD ROAD SW OUTFALL,COTTINGLEY",2005-03-30 08:23:00,"Nitrate-N","Nitrate as N","0117",NA,1.35,NA,"mg/l","STORM SEWER OVERFLOW DISCHARGE",TRUE,"COMPLIANCE AUDIT (PERMIT)",411323,437503
"143","http://environment.data.gov.uk/water-quality/data/measurement/NE-1219803-0117","http://environment.data.gov.uk/water-quality/id/sampling-point/NE-49400073","NE-49400073","BECKFIELD ROAD SW OUTFALL,COTTINGLEY",2005-04-25 08:32:00,"Nitrate-N","Nitrate as N","0117",NA,2.66,NA,"mg/l","STORM SEWER OVERFLOW DISCHARGE",TRUE,"COMPLIANCE AUDIT (PERMIT)",411323,437503
"144","http://environment.data.gov.uk/water-quality/data/measurement/NE-1222930-0117","http://environment.data.gov.uk/water-quality/id/sampling-point/NE-49400073","NE-49400073","BECKFIELD ROAD SW OUTFALL,COTTINGLEY",2005-05-13 08:08:00,"Nitrate-N","Nitrate as N","0117",NA,1.09,NA,"mg/l","STORM SEWER OVERFLOW DISCHARGE",TRUE,"COMPLIANCE AUDIT (PERMIT)",411323,437503
"145","http://environment.data.gov.uk/water-quality/data/measurement/NE-1228039-0117","http://environment.data.gov.uk/water-quality/id/sampling-point/NE-49400073","NE-49400073","BECKFIELD ROAD SW OUTFALL,COTTINGLEY",2005-07-25 06:53:00,"Nitrate-N","Nitrate as N","0117",NA,1.63,NA,"mg/l","STORM SEWER OVERFLOW DISCHARGE",TRUE,"COMPLIANCE AUDIT (PERMIT)",411323,437503
"146","http://environment.data.gov.uk/water-quality/data/measurement/NE-1211369-0117","http://environment.data.gov.uk/water-quality/id/sampling-point/NE-49600300","NE-49600300","DERWENT 02: RYE TO STAMFORD BR - AD HOC",2005-01-26 09:30:00,"Nitrate-N","Nitrate as N","0117",NA,1.37,NA,"mg/l","STORM SEWER OVERFLOW DISCHARGE",FALSE,"UNPLANNED REACTIVE MONITORING (POLLUTION INCIDENTS)",471154,455580
"147","http://environment.data.gov.uk/water-quality/data/measurement/NW-1667837-0117","http://environment.data.gov.uk/water-quality/id/sampling-point/NW-88003286","NW-88003286","BILLINGTON ET WORKS HUMUS TANK EFFLUENT",2005-08-15 12:05:00,"Nitrate-N","Nitrate as N","0117",NA,17.6,NA,"mg/l","STORM SEWER OVERFLOW DISCHARGE",TRUE,"COMPLIANCE AUDIT (PERMIT)",371551,436595
"148","http://environment.data.gov.uk/water-quality/data/measurement/NW-1655135-0117","http://environment.data.gov.uk/water-quality/id/sampling-point/NW-88003332","NW-88003332","HYNDBURN ET WORKS STORM TANK EFFLUENT",2005-04-26 14:40:00,"Nitrate-N","Nitrate as N","0117",NA,0.888,NA,"mg/l","STORM SEWER OVERFLOW DISCHARGE",FALSE,"UNPLANNED REACTIVE MONITORING FORMAL (POLLUTION INCIDENTS)",375628,433366
"149","http://environment.data.gov.uk/water-quality/data/measurement/SO-906479-0117","http://environment.data.gov.uk/water-quality/id/sampling-point/SO-E0001190","SO-E0001190","DUMP CANTERBURY STOUR-*CLOSED*",2005-06-28 12:12:00,"Nitrate-N","Nitrate as N","0117","<",0.9,NA,"mg/l","STORM SEWER OVERFLOW DISCHARGE",FALSE,"UNPLANNED REACTIVE MONITORING (POLLUTION INCIDENTS)",500000,5
"150","http://environment.data.gov.uk/water-quality/data/measurement/SO-897481-0117","http://environment.data.gov.uk/water-quality/id/sampling-point/SO-E0017488","SO-E0017488","FORMAL SAMPLE-ADDINGTON AREA",2005-03-08 20:50:00,"Nitrate-N","Nitrate as N","0117","<",0.9,NA,"mg/l","STORM SEWER OVERFLOW DISCHARGE",FALSE,"UNPLANNED REACTIVE MONITORING FORMAL (POLLUTION INCIDENTS)",500000,5
"151","http://environment.data.gov.uk/water-quality/data/measurement/SO-911784-0117","http://environment.data.gov.uk/water-quality/id/sampling-point/SO-F0002388","SO-F0002388","FORMAL SAMPLE-WORTHING AREA",2005-08-14 19:15:00,"Nitrate-N","Nitrate as N","0117","<",0.9,NA,"mg/l","STORM SEWER OVERFLOW DISCHARGE",FALSE,"UNPLANNED REACTIVE MONITORING FORMAL (POLLUTION INCIDENTS)",500000,5
"152","http://environment.data.gov.uk/water-quality/data/measurement/SO-896563-0117","http://environment.data.gov.uk/water-quality/id/sampling-point/SO-G0003463","SO-G0003463","ASHLETT CREEK STW",2005-02-18 09:33:00,"Nitrate-N","Nitrate as N","0117","<",0.9,NA,"mg/l","STORM SEWER OVERFLOW DISCHARGE",TRUE,"COMPLIANCE AUDIT (PERMIT)",446638,103108
"153","http://environment.data.gov.uk/water-quality/data/measurement/SO-898404-0117","http://environment.data.gov.uk/water-quality/id/sampling-point/SO-G0003463","SO-G0003463","ASHLETT CREEK STW",2005-03-23 09:09:00,"Nitrate-N","Nitrate as N","0117","<",0.9,NA,"mg/l","STORM SEWER OVERFLOW DISCHARGE",TRUE,"COMPLIANCE AUDIT (PERMIT)",446638,103108
"154","http://environment.data.gov.uk/water-quality/data/measurement/SO-899813-0117","http://environment.data.gov.uk/water-quality/id/sampling-point/SO-G0003463","SO-G0003463","ASHLETT CREEK STW",2005-04-18 10:54:00,"Nitrate-N","Nitrate as N","0117","<",0.9,NA,"mg/l","STORM SEWER OVERFLOW DISCHARGE",TRUE,"COMPLIANCE AUDIT (PERMIT)",446638,103108
"155","http://environment.data.gov.uk/water-quality/data/measurement/SO-903254-0117","http://environment.data.gov.uk/water-quality/id/sampling-point/SO-G0003463","SO-G0003463","ASHLETT CREEK STW",2005-05-17 11:30:00,"Nitrate-N","Nitrate as N","0117",NA,0.82,NA,"mg/l","STORM SEWER OVERFLOW DISCHARGE",TRUE,"COMPLIANCE AUDIT (PERMIT)",446638,103108
"156","http://environment.data.gov.uk/water-quality/data/measurement/SO-905712-0117","http://environment.data.gov.uk/water-quality/id/sampling-point/SO-G0003463","SO-G0003463","ASHLETT CREEK STW",2005-06-16 13:17:00,"Nitrate-N","Nitrate as N","0117",NA,0.8,NA,"mg/l","STORM SEWER OVERFLOW DISCHARGE",TRUE,"COMPLIANCE AUDIT (PERMIT)",446638,103108
"157","http://environment.data.gov.uk/water-quality/data/measurement/SO-907438-0117","http://environment.data.gov.uk/water-quality/id/sampling-point/SO-G0003463","SO-G0003463","ASHLETT CREEK STW",2005-07-12 10:10:00,"Nitrate-N","Nitrate as N","0117",NA,0.88,NA,"mg/l","STORM SEWER OVERFLOW DISCHARGE",TRUE,"COMPLIANCE AUDIT (PERMIT)",446638,103108
"158","http://environment.data.gov.uk/water-quality/data/measurement/SO-913946-0117","http://environment.data.gov.uk/water-quality/id/sampling-point/SO-G0003463","SO-G0003463","ASHLETT CREEK STW",2005-09-09 10:53:00,"Nitrate-N","Nitrate as N","0117",NA,0.75,NA,"mg/l","STORM SEWER OVERFLOW DISCHARGE",TRUE,"COMPLIANCE AUDIT (PERMIT)",446638,103108
"159","http://environment.data.gov.uk/water-quality/data/measurement/SO-916172-0117","http://environment.data.gov.uk/water-quality/id/sampling-point/SO-G0003463","SO-G0003463","ASHLETT CREEK STW",2005-10-14 11:32:00,"Nitrate-N","Nitrate as N","0117",NA,1.02,NA,"mg/l","STORM SEWER OVERFLOW DISCHARGE",TRUE,"COMPLIANCE AUDIT (PERMIT)",446638,103108
"160","http://environment.data.gov.uk/water-quality/data/measurement/SO-918890-0117","http://environment.data.gov.uk/water-quality/id/sampling-point/SO-G0003463","SO-G0003463","ASHLETT CREEK STW",2005-11-16 11:48:00,"Nitrate-N","Nitrate as N","0117",NA,0.89,NA,"mg/l","STORM SEWER OVERFLOW DISCHARGE",TRUE,"COMPLIANCE AUDIT (PERMIT)",446638,103108
"161","http://environment.data.gov.uk/water-quality/data/measurement/SO-907694-0117","http://environment.data.gov.uk/water-quality/id/sampling-point/SO-G0003609","SO-G0003609","DUMP WINCHESTER FORMAL-*CLOSED",2005-07-17 14:10:00,"Nitrate-N","Nitrate as N","0117","<",0.9,NA,"mg/l","STORM SEWER OVERFLOW DISCHARGE",FALSE,"UNPLANNED REACTIVE MONITORING FORMAL (POLLUTION INCIDENTS)",500000,5
"162","http://environment.data.gov.uk/water-quality/data/measurement/SO-906729-0117","http://environment.data.gov.uk/water-quality/id/sampling-point/SO-G0003623","SO-G0003623","DUMP EASTERN STREAMS-*CLOSED*",2005-07-04 15:00:00,"Nitrate-N","Nitrate as N","0117","<",0.9,NA,"mg/l","STORM SEWER OVERFLOW DISCHARGE",FALSE,"UNPLANNED REACTIVE MONITORING (POLLUTION INCIDENTS)",500000,5
"163","http://environment.data.gov.uk/water-quality/data/measurement/SO-917350-0117","http://environment.data.gov.uk/water-quality/id/sampling-point/SO-G0004238","SO-G0004238","NEW FOREST STREAMS DUMP-CLOSED",2005-11-02 21:00:00,"Nitrate-N","Nitrate as N","0117",NA,0.03,NA,"mg/l","STORM SEWER OVERFLOW DISCHARGE",FALSE,"UNPLANNED REACTIVE MONITORING (POLLUTION INCIDENTS)",500000,5
"164","http://environment.data.gov.uk/water-quality/data/measurement/SW-2835309-0117","http://environment.data.gov.uk/water-quality/id/sampling-point/SW-73059999","SW-73059999","MISCELLANEOUS LITTLE DART",2005-09-08 15:30:00,"Nitrate-N","Nitrate as N","0117","<",0.196,NA,"mg/l","STORM SEWER OVERFLOW DISCHARGE",FALSE,"UNPLANNED REACTIVE MONITORING (POLLUTION INCIDENTS)",271976,113167
"165","http://environment.data.gov.uk/water-quality/data/measurement/SW-2835310-0117","http://environment.data.gov.uk/water-quality/id/sampling-point/SW-73059999","SW-73059999","MISCELLANEOUS LITTLE DART",2005-09-08 15:40:00,"Nitrate-N","Nitrate as N","0117",NA,8.87,NA,"mg/l","STORM SEWER OVERFLOW DISCHARGE",FALSE,"UNPLANNED REACTIVE MONITORING (POLLUTION INCIDENTS)",271976,113167
"166","http://environment.data.gov.uk/water-quality/data/measurement/NW-1707955-0117","http://environment.data.gov.uk/water-quality/id/sampling-point/NW-88000045","NW-88000045","MISC RIVER SAMP (NOT CONT SW) IN DIST 3",2006-09-29 13:35:00,"Nitrate-N","Nitrate as N","0117","<",0.9,NA,"mg/l","STORM SEWER OVERFLOW DISCHARGE",FALSE,"UNPLANNED REACTIVE MONITORING FORMAL (POLLUTION INCIDENTS)",500000,4
"167","http://environment.data.gov.uk/water-quality/data/measurement/NW-1700516-0117","http://environment.data.gov.uk/water-quality/id/sampling-point/NW-88000047","NW-88000047","MISC SEW DISCH INC STORM SEW IN DIST 3",2006-07-16 12:32:00,"Nitrate-N","Nitrate as N","0117",NA,0.892,NA,"mg/l","STORM SEWER OVERFLOW DISCHARGE",FALSE,"UNPLANNED REACTIVE MONITORING FORMAL (POLLUTION INCIDENTS)",500000,4
"168","http://environment.data.gov.uk/water-quality/data/measurement/NW-1686510-0117","http://environment.data.gov.uk/water-quality/id/sampling-point/NW-88000066","NW-88000066","MISC SURFACE WATER DISCH IN MERSEYSIDE",2006-02-21 14:30:00,"Nitrate-N","Nitrate as N","0117",NA,0.109,NA,"mg/l","STORM SEWER OVERFLOW DISCHARGE",FALSE,"UNPLANNED REACTIVE MONITORING (POLLUTION INCIDENTS)",500000,4
"169","http://environment.data.gov.uk/water-quality/data/measurement/SO-957397-0117","http://environment.data.gov.uk/water-quality/id/sampling-point/SO-E0001419","SO-E0001419","DUMP EAST STOUR-*CLOSED*",2006-05-19 13:20:00,"Nitrate-N","Nitrate as N","0117","<",0.9,NA,"mg/l","STORM SEWER OVERFLOW DISCHARGE",FALSE,"UNPLANNED REACTIVE MONITORING FORMAL (POLLUTION INCIDENTS)",500000,5
"170","http://environment.data.gov.uk/water-quality/data/measurement/SO-935647-0117","http://environment.data.gov.uk/water-quality/id/sampling-point/SO-F0001799","SO-F0001799","DUMP PEVENSEY FORMALS-*CLOSED*",2006-02-08 14:55:00,"Nitrate-N","Nitrate as N","0117",NA,0.87,NA,"mg/l","STORM SEWER OVERFLOW DISCHARGE",FALSE,"UNPLANNED REACTIVE MONITORING FORMAL (POLLUTION INCIDENTS)",500000,5
"171","http://environment.data.gov.uk/water-quality/data/measurement/SO-946625-0117","http://environment.data.gov.uk/water-quality/id/sampling-point/SO-F0002150","SO-F0002150","MIDDLE OUSE DUMP-*CLOSED*",2006-03-20 10:00:00,"Nitrate-N","Nitrate as N","0117","<",0.9,NA,"mg/l","STORM SEWER OVERFLOW DISCHARGE",FALSE,"UNPLANNED REACTIVE MONITORING (POLLUTION INCIDENTS)",500000,5
"172","http://environment.data.gov.uk/water-quality/data/measurement/SO-925415-0117","http://environment.data.gov.uk/water-quality/id/sampling-point/SO-G0003463","SO-G0003463","ASHLETT CREEK STW",2006-01-18 11:13:00,"Nitrate-N","Nitrate as N","0117",NA,0.79,NA,"mg/l","STORM SEWER OVERFLOW DISCHARGE",TRUE,"COMPLIANCE AUDIT (PERMIT)",446638,103108
"173","http://environment.data.gov.uk/water-quality/data/measurement/SO-936809-0117","http://environment.data.gov.uk/water-quality/id/sampling-point/SO-G0003463","SO-G0003463","ASHLETT CREEK STW",2006-02-13 10:32:00,"Nitrate-N","Nitrate as N","0117","<",0.9,NA,"mg/l","STORM SEWER OVERFLOW DISCHARGE",TRUE,"COMPLIANCE AUDIT (PERMIT)",446638,103108
"174","http://environment.data.gov.uk/water-quality/data/measurement/SO-948808-0117","http://environment.data.gov.uk/water-quality/id/sampling-point/SO-G0003463","SO-G0003463","ASHLETT CREEK STW",2006-03-27 10:26:00,"Nitrate-N","Nitrate as N","0117","<",0.9,NA,"mg/l","STORM SEWER OVERFLOW DISCHARGE",TRUE,"COMPLIANCE AUDIT (PERMIT)",446638,103108
"175","http://environment.data.gov.uk/water-quality/data/measurement/SO-950566-0117","http://environment.data.gov.uk/water-quality/id/sampling-point/SO-G0003463","SO-G0003463","ASHLETT CREEK STW",2006-05-03 12:28:00,"Nitrate-N","Nitrate as N","0117","<",0.9,NA,"mg/l","STORM SEWER OVERFLOW DISCHARGE",TRUE,"COMPLIANCE AUDIT (PERMIT)",446638,103108
"176","http://environment.data.gov.uk/water-quality/data/measurement/SO-960852-0117","http://environment.data.gov.uk/water-quality/id/sampling-point/SO-G0003463","SO-G0003463","ASHLETT CREEK STW",2006-06-29 10:05:00,"Nitrate-N","Nitrate as N","0117","<",0.9,NA,"mg/l","STORM SEWER OVERFLOW DISCHARGE",TRUE,"COMPLIANCE AUDIT (PERMIT)",446638,103108
"177","http://environment.data.gov.uk/water-quality/data/measurement/SO-962758-0117","http://environment.data.gov.uk/water-quality/id/sampling-point/SO-G0003463","SO-G0003463","ASHLETT CREEK STW",2006-07-24 13:04:00,"Nitrate-N","Nitrate as N","0117",NA,0.13,NA,"mg/l","STORM SEWER OVERFLOW DISCHARGE",TRUE,"COMPLIANCE AUDIT (PERMIT)",446638,103108
"178","http://environment.data.gov.uk/water-quality/data/measurement/SO-964948-0117","http://environment.data.gov.uk/water-quality/id/sampling-point/SO-G0003463","SO-G0003463","ASHLETT CREEK STW",2006-08-21 09:43:00,"Nitrate-N","Nitrate as N","0117",NA,7.14,NA,"mg/l","STORM SEWER OVERFLOW DISCHARGE",TRUE,"COMPLIANCE AUDIT (PERMIT)",446638,103108
"179","http://environment.data.gov.uk/water-quality/data/measurement/SO-977645-0117","http://environment.data.gov.uk/water-quality/id/sampling-point/SO-G0003463","SO-G0003463","ASHLETT CREEK STW",2006-09-22 09:21:00,"Nitrate-N","Nitrate as N","0117",NA,0.9,NA,"mg/l","STORM SEWER OVERFLOW DISCHARGE",TRUE,"COMPLIANCE AUDIT (PERMIT)",446638,103108
"180","http://environment.data.gov.uk/water-quality/data/measurement/SO-981192-0117","http://environment.data.gov.uk/water-quality/id/sampling-point/SO-G0003463","SO-G0003463","ASHLETT CREEK STW",2006-10-18 11:29:00,"Nitrate-N","Nitrate as N","0117",NA,4.71,NA,"mg/l","STORM SEWER OVERFLOW DISCHARGE",TRUE,"COMPLIANCE AUDIT (PERMIT)",446638,103108
"181","http://environment.data.gov.uk/water-quality/data/measurement/SO-984431-0117","http://environment.data.gov.uk/water-quality/id/sampling-point/SO-G0003463","SO-G0003463","ASHLETT CREEK STW",2006-11-24 09:48:00,"Nitrate-N","Nitrate as N","0117",NA,0.37,NA,"mg/l","STORM SEWER OVERFLOW DISCHARGE",TRUE,"COMPLIANCE AUDIT (PERMIT)",446638,103108
"182","http://environment.data.gov.uk/water-quality/data/measurement/SO-987401-0117","http://environment.data.gov.uk/water-quality/id/sampling-point/SO-G0003463","SO-G0003463","ASHLETT CREEK STW",2006-12-04 10:59:00,"Nitrate-N","Nitrate as N","0117",NA,2.33,NA,"mg/l","STORM SEWER OVERFLOW DISCHARGE",TRUE,"COMPLIANCE AUDIT (PERMIT)",446638,103108
"183","http://environment.data.gov.uk/water-quality/data/measurement/SW-2876689-0117","http://environment.data.gov.uk/water-quality/id/sampling-point/SW-63029999","SW-63029999","MISCELLANEOUS BRISTOL FROME CATCHMENT",2006-07-31 11:15:00,"Nitrate-N","Nitrate as N","0117","<",0.9,NA,"mg/l","STORM SEWER OVERFLOW DISCHARGE",FALSE,"UNPLANNED REACTIVE MONITORING (POLLUTION INCIDENTS)",367500,181000
"184","http://environment.data.gov.uk/water-quality/data/measurement/SW-2876690-0117","http://environment.data.gov.uk/water-quality/id/sampling-point/SW-63029999","SW-63029999","MISCELLANEOUS BRISTOL FROME CATCHMENT",2006-07-31 10:30:00,"Nitrate-N","Nitrate as N","0117","<",0.9,NA,"mg/l","STORM SEWER OVERFLOW DISCHARGE",FALSE,"UNPLANNED REACTIVE MONITORING (POLLUTION INCIDENTS)",367500,181000
"185","http://environment.data.gov.uk/water-quality/data/measurement/NW-1717178-0117","http://environment.data.gov.uk/water-quality/id/sampling-point/NW-88000045","NW-88000045","MISC RIVER SAMP (NOT CONT SW) IN DIST 3",2007-01-05 14:20:00,"Nitrate-N","Nitrate as N","0117","<",0.9,NA,"mg/l","STORM SEWER OVERFLOW DISCHARGE",FALSE,"UNPLANNED REACTIVE MONITORING FORMAL (POLLUTION INCIDENTS)",500000,4
"186","http://environment.data.gov.uk/water-quality/data/measurement/NW-1723789-0117","http://environment.data.gov.uk/water-quality/id/sampling-point/NW-88000045","NW-88000045","MISC RIVER SAMP (NOT CONT SW) IN DIST 3",2007-03-30 15:52:00,"Nitrate-N","Nitrate as N","0117",NA,0.183,NA,"mg/l","STORM SEWER OVERFLOW DISCHARGE",FALSE,"PLANNED FORMAL NON-STATUTORY (PERMIT/ENV MON)",500000,4
"187","http://environment.data.gov.uk/water-quality/data/measurement/NW-1724332-0117","http://environment.data.gov.uk/water-quality/id/sampling-point/NW-88000045","NW-88000045","MISC RIVER SAMP (NOT CONT SW) IN DIST 3",2007-04-09 16:25:00,"Nitrate-N","Nitrate as N","0117","<",0.9,NA,"mg/l","STORM SEWER OVERFLOW DISCHARGE",FALSE,"UNPLANNED REACTIVE MONITORING FORMAL (POLLUTION INCIDENTS)",500000,4
"188","http://environment.data.gov.uk/water-quality/data/measurement/NW-1729229-0117","http://environment.data.gov.uk/water-quality/id/sampling-point/NW-88000065","NW-88000065","MISC SEW DISCH INC STORM SEW MERSEYSIDE",2007-06-06 22:30:00,"Nitrate-N","Nitrate as N","0117","<",0.196,NA,"mg/l","STORM SEWER OVERFLOW DISCHARGE",FALSE,"UNPLANNED REACTIVE MONITORING (POLLUTION INCIDENTS)",500000,4
"189","http://environment.data.gov.uk/water-quality/data/measurement/SO-1024687-0117","http://environment.data.gov.uk/water-quality/id/sampling-point/SO-E0001265","SO-E0001265","ROXBOROUGH ROAD SWO",2007-09-05 15:26:00,"Nitrate-N","Nitrate as N","0117","<",0.9,NA,"mg/l","STORM SEWER OVERFLOW DISCHARGE",FALSE,"UNPLANNED REACTIVE MONITORING (POLLUTION INCIDENTS)",632290,170400
"190","http://environment.data.gov.uk/water-quality/data/measurement/SO-992757-0117","http://environment.data.gov.uk/water-quality/id/sampling-point/SO-F0003347","SO-F0003347","DUMP RIFES/CANAL WEST-*CLOSED*",2007-02-25 12:20:00,"Nitrate-N","Nitrate as N","0117",NA,8.7,NA,"mg/l","STORM SEWER OVERFLOW DISCHARGE",FALSE,"UNPLANNED REACTIVE MONITORING (POLLUTION INCIDENTS)",500000,5
"191","http://environment.data.gov.uk/water-quality/data/measurement/SO-992758-0117","http://environment.data.gov.uk/water-quality/id/sampling-point/SO-F0003347","SO-F0003347","DUMP RIFES/CANAL WEST-*CLOSED*",2007-02-25 12:06:00,"Nitrate-N","Nitrate as N","0117",NA,2.01,NA,"mg/l","STORM SEWER OVERFLOW DISCHARGE",FALSE,"UNPLANNED REACTIVE MONITORING (POLLUTION INCIDENTS)",500000,5
"192","http://environment.data.gov.uk/water-quality/data/measurement/SO-992759-0117","http://environment.data.gov.uk/water-quality/id/sampling-point/SO-F0003347","SO-F0003347","DUMP RIFES/CANAL WEST-*CLOSED*",2007-02-25 11:55:00,"Nitrate-N","Nitrate as N","0117",NA,8.6,NA,"mg/l","STORM SEWER OVERFLOW DISCHARGE",FALSE,"UNPLANNED REACTIVE MONITORING (POLLUTION INCIDENTS)",500000,5
"193","http://environment.data.gov.uk/water-quality/data/measurement/SO-996521-0117","http://environment.data.gov.uk/water-quality/id/sampling-point/SO-F0003371","SO-F0003371","DUMP CHICHESTER-*CLOSED*",2007-03-29 12:00:00,"Nitrate-N","Nitrate as N","0117","<",0.9,NA,"mg/l","STORM SEWER OVERFLOW DISCHARGE",FALSE,"PLANNED INVESTIGATION (LOCAL MONITORING)",500000,5
"194","http://environment.data.gov.uk/water-quality/data/measurement/SO-989025-0117","http://environment.data.gov.uk/water-quality/id/sampling-point/SO-G0003463","SO-G0003463","ASHLETT CREEK STW",2007-01-09 09:46:00,"Nitrate-N","Nitrate as N","0117",NA,0.65,NA,"mg/l","STORM SEWER OVERFLOW DISCHARGE",TRUE,"COMPLIANCE AUDIT (PERMIT)",446638,103108
"195","http://environment.data.gov.uk/water-quality/data/measurement/SO-991304-0117","http://environment.data.gov.uk/water-quality/id/sampling-point/SO-G0003463","SO-G0003463","ASHLETT CREEK STW",2007-02-13 09:44:00,"Nitrate-N","Nitrate as N","0117","<",0.9,NA,"mg/l","STORM SEWER OVERFLOW DISCHARGE",TRUE,"COMPLIANCE AUDIT (PERMIT)",446638,103108
"196","http://environment.data.gov.uk/water-quality/data/measurement/SO-1021704-0117","http://environment.data.gov.uk/water-quality/id/sampling-point/SO-G0003463","SO-G0003463","ASHLETT CREEK STW",2007-07-26 11:25:00,"Nitrate-N","Nitrate as N","0117",NA,0.35,NA,"mg/l","STORM SEWER OVERFLOW DISCHARGE",TRUE,"COMPLIANCE AUDIT (PERMIT)",446638,103108
"197","http://environment.data.gov.uk/water-quality/data/measurement/SO-1024071-0117","http://environment.data.gov.uk/water-quality/id/sampling-point/SO-G0003463","SO-G0003463","ASHLETT CREEK STW",2007-08-29 08:13:00,"Nitrate-N","Nitrate as N","0117",NA,1.98,NA,"mg/l","STORM SEWER OVERFLOW DISCHARGE",TRUE,"COMPLIANCE AUDIT (PERMIT)",446638,103108
"198","http://environment.data.gov.uk/water-quality/data/measurement/SO-1036191-0117","http://environment.data.gov.uk/water-quality/id/sampling-point/SO-G0003463","SO-G0003463","ASHLETT CREEK STW",2007-11-28 10:02:00,"Nitrate-N","Nitrate as N","0117",NA,4.67,NA,"mg/l","STORM SEWER OVERFLOW DISCHARGE",TRUE,"COMPLIANCE AUDIT (PERMIT)",446638,103108
"199","http://environment.data.gov.uk/water-quality/data/measurement/SO-1037978-0117","http://environment.data.gov.uk/water-quality/id/sampling-point/SO-G0003463","SO-G0003463","ASHLETT CREEK STW",2007-12-18 13:01:00,"Nitrate-N","Nitrate as N","0117",NA,2.93,NA,"mg/l","STORM SEWER OVERFLOW DISCHARGE",TRUE,"COMPLIANCE AUDIT (PERMIT)",446638,103108
"200","http://environment.data.gov.uk/water-quality/data/measurement/SO-1017455-0117","http://environment.data.gov.uk/water-quality/id/sampling-point/SO-G0003609","SO-G0003609","DUMP WINCHESTER FORMAL-*CLOSED",2007-05-21 12:50:00,"Nitrate-N","Nitrate as N","0117",NA,8.34,NA,"mg/l","STORM SEWER OVERFLOW DISCHARGE",FALSE,"UNPLANNED REACTIVE MONITORING FORMAL (POLLUTION INCIDENTS)",500000,5
"201","http://environment.data.gov.uk/water-quality/data/measurement/SO-1034540-0117","http://environment.data.gov.uk/water-quality/id/sampling-point/SO-G0003951","SO-G0003951","HANNINGTON OAKLEY STW",2007-11-08 10:11:00,"Nitrate-N","Nitrate as N","0117",NA,13.6,NA,"mg/l","STORM SEWER OVERFLOW DISCHARGE",TRUE,"COMPLIANCE AUDIT (PERMIT)",453850,154850
"202","http://environment.data.gov.uk/water-quality/data/measurement/NW-1759153-0117","http://environment.data.gov.uk/water-quality/id/sampling-point/NW-88000047","NW-88000047","MISC SEW DISCH INC STORM SEW IN DIST 3",2008-05-19 12:20:00,"Nitrate-N","Nitrate as N","0117","<",0.9,NA,"mg/l","STORM SEWER OVERFLOW DISCHARGE",FALSE,"UNPLANNED REACTIVE MONITORING FORMAL (POLLUTION INCIDENTS)",500000,4
"203","http://environment.data.gov.uk/water-quality/data/measurement/SO-1041213-0117","http://environment.data.gov.uk/water-quality/id/sampling-point/SO-G0003463","SO-G0003463","ASHLETT CREEK STW",2008-01-10 11:46:00,"Nitrate-N","Nitrate as N","0117",NA,0.886,NA,"mg/l","STORM SEWER OVERFLOW DISCHARGE",TRUE,"COMPLIANCE AUDIT (PERMIT)",446638,103108
"204","http://environment.data.gov.uk/water-quality/data/measurement/SO-1045335-0117","http://environment.data.gov.uk/water-quality/id/sampling-point/SO-G0003463","SO-G0003463","ASHLETT CREEK STW",2008-02-06 12:00:00,"Nitrate-N","Nitrate as N","0117",NA,0.808,NA,"mg/l","STORM SEWER OVERFLOW DISCHARGE",TRUE,"COMPLIANCE AUDIT (PERMIT)",446638,103108
"205","http://environment.data.gov.uk/water-quality/data/measurement/SO-1052228-0117","http://environment.data.gov.uk/water-quality/id/sampling-point/SO-G0003463","SO-G0003463","ASHLETT CREEK STW",2008-03-13 08:44:00,"Nitrate-N","Nitrate as N","0117",NA,0.808,NA,"mg/l","STORM SEWER OVERFLOW DISCHARGE",TRUE,"COMPLIANCE AUDIT (PERMIT)",446638,103108
"206","http://environment.data.gov.uk/water-quality/data/measurement/SO-1054041-0117","http://environment.data.gov.uk/water-quality/id/sampling-point/SO-G0003463","SO-G0003463","ASHLETT CREEK STW",2008-04-23 12:32:00,"Nitrate-N","Nitrate as N","0117",NA,0.779,NA,"mg/l","STORM SEWER OVERFLOW DISCHARGE",TRUE,"COMPLIANCE AUDIT (PERMIT)",446638,103108
"207","http://environment.data.gov.uk/water-quality/data/measurement/SO-1059761-0117","http://environment.data.gov.uk/water-quality/id/sampling-point/SO-G0003463","SO-G0003463","ASHLETT CREEK STW",2008-06-25 12:00:00,"Nitrate-N","Nitrate as N","0117",NA,1.2,NA,"mg/l","STORM SEWER OVERFLOW DISCHARGE",TRUE,"COMPLIANCE AUDIT (PERMIT)",446638,103108
"208","http://environment.data.gov.uk/water-quality/data/measurement/SO-1085159-0117","http://environment.data.gov.uk/water-quality/id/sampling-point/SO-G0003463","SO-G0003463","ASHLETT CREEK STW",2008-07-30 11:57:00,"Nitrate-N","Nitrate as N","0117",NA,1.49,NA,"mg/l","STORM SEWER OVERFLOW DISCHARGE",TRUE,"COMPLIANCE AUDIT (PERMIT)",446638,103108
"209","http://environment.data.gov.uk/water-quality/data/measurement/SO-1099891-0117","http://environment.data.gov.uk/water-quality/id/sampling-point/SO-G0003463","SO-G0003463","ASHLETT CREEK STW",2008-08-19 11:17:00,"Nitrate-N","Nitrate as N","0117",NA,3.38,NA,"mg/l","STORM SEWER OVERFLOW DISCHARGE",TRUE,"COMPLIANCE AUDIT (PERMIT)",446638,103108
"210","http://environment.data.gov.uk/water-quality/data/measurement/SO-1113220-0117","http://environment.data.gov.uk/water-quality/id/sampling-point/SO-G0003463","SO-G0003463","ASHLETT CREEK STW",2008-09-25 11:47:00,"Nitrate-N","Nitrate as N","0117",NA,7.06,NA,"mg/l","STORM SEWER OVERFLOW DISCHARGE",TRUE,"COMPLIANCE AUDIT (PERMIT)",446638,103108
"211","http://environment.data.gov.uk/water-quality/data/measurement/SO-1115238-0117","http://environment.data.gov.uk/water-quality/id/sampling-point/SO-G0003463","SO-G0003463","ASHLETT CREEK STW",2008-10-23 13:26:00,"Nitrate-N","Nitrate as N","0117","<",0.9,NA,"mg/l","STORM SEWER OVERFLOW DISCHARGE",TRUE,"COMPLIANCE AUDIT (PERMIT)",446638,103108
"212","http://environment.data.gov.uk/water-quality/data/measurement/SO-1119917-0117","http://environment.data.gov.uk/water-quality/id/sampling-point/SO-G0003463","SO-G0003463","ASHLETT CREEK STW",2008-12-01 13:17:00,"Nitrate-N","Nitrate as N","0117","<",0.9,NA,"mg/l","STORM SEWER OVERFLOW DISCHARGE",TRUE,"COMPLIANCE AUDIT (PERMIT)",446638,103108
"213","http://environment.data.gov.uk/water-quality/data/measurement/SO-1116166-0117","http://environment.data.gov.uk/water-quality/id/sampling-point/SO-G0003951","SO-G0003951","HANNINGTON OAKLEY STW",2008-11-05 09:43:00,"Nitrate-N","Nitrate as N","0117",NA,15,NA,"mg/l","STORM SEWER OVERFLOW DISCHARGE",TRUE,"COMPLIANCE AUDIT (PERMIT)",453850,154850
"214","http://environment.data.gov.uk/water-quality/data/measurement/NW-1789505-0117","http://environment.data.gov.uk/water-quality/id/sampling-point/NW-88000083","NW-88000083","MISC SEW DISCH INC STORM SEW IN DIST 7",2009-06-08 14:55:00,"Nitrate-N","Nitrate as N","0117","<",0.9,NA,"mg/l","STORM SEWER OVERFLOW DISCHARGE",FALSE,"UNPLANNED REACTIVE MONITORING FORMAL (POLLUTION INCIDENTS)",500000,4
"215","http://environment.data.gov.uk/water-quality/data/measurement/SO-1125434-0117","http://environment.data.gov.uk/water-quality/id/sampling-point/SO-G0003463","SO-G0003463","ASHLETT CREEK STW",2009-01-23 11:30:00,"Nitrate-N","Nitrate as N","0117",NA,0.809,NA,"mg/l","STORM SEWER OVERFLOW DISCHARGE",TRUE,"COMPLIANCE AUDIT (PERMIT)",446638,103108
"216","http://environment.data.gov.uk/water-quality/data/measurement/SO-1128560-0117","http://environment.data.gov.uk/water-quality/id/sampling-point/SO-G0003463","SO-G0003463","ASHLETT CREEK STW",2009-02-17 11:49:00,"Nitrate-N","Nitrate as N","0117","<",0.9,NA,"mg/l","STORM SEWER OVERFLOW DISCHARGE",TRUE,"COMPLIANCE AUDIT (PERMIT)",446638,103108
"217","http://environment.data.gov.uk/water-quality/data/measurement/SO-1131716-0117","http://environment.data.gov.uk/water-quality/id/sampling-point/SO-G0003463","SO-G0003463","ASHLETT CREEK STW",2009-03-19 11:43:00,"Nitrate-N","Nitrate as N","0117","<",0.9,NA,"mg/l","STORM SEWER OVERFLOW DISCHARGE",TRUE,"COMPLIANCE AUDIT (PERMIT)",446638,103108
"218","http://environment.data.gov.uk/water-quality/data/measurement/NW-1811739-0117","http://environment.data.gov.uk/water-quality/id/sampling-point/NW-88000083","NW-88000083","MISC SEW DISCH INC STORM SEW IN DIST 7",2010-04-12 14:45:00,"Nitrate-N","Nitrate as N","0117",NA,13.8,NA,"mg/l","STORM SEWER OVERFLOW DISCHARGE",FALSE,"UNPLANNED REACTIVE MONITORING FORMAL (POLLUTION INCIDENTS)",500000,4
"219","http://environment.data.gov.uk/water-quality/data/measurement/SO-1177883-0117","http://environment.data.gov.uk/water-quality/id/sampling-point/SO-G0003951","SO-G0003951","HANNINGTON OAKLEY STW",2010-11-26 13:17:00,"Nitrate-N","Nitrate as N","0117",NA,10.8,NA,"mg/l","STORM SEWER OVERFLOW DISCHARGE",TRUE,"COMPLIANCE AUDIT (PERMIT)",453850,154850
"220","http://environment.data.gov.uk/water-quality/data/measurement/SO-1202876-0117","http://environment.data.gov.uk/water-quality/id/sampling-point/SO-G0003951","SO-G0003951","HANNINGTON OAKLEY STW",2011-10-24 08:23:00,"Nitrate-N","Nitrate as N","0117",NA,4.66,NA,"mg/l","STORM SEWER OVERFLOW DISCHARGE",TRUE,"COMPLIANCE AUDIT (PERMIT)",453850,154850
"221","http://environment.data.gov.uk/water-quality/data/measurement/NW-1872697-0117","http://environment.data.gov.uk/water-quality/id/sampling-point/NW-88000084","NW-88000084","MISC SURFACE WATER DISCH IN DISTRICT 7",2012-06-19 11:50:00,"Nitrate-N","Nitrate as N","0117",NA,0.991,NA,"mg/l","STORM SEWER OVERFLOW DISCHARGE",FALSE,"UNPLANNED REACTIVE MONITORING (POLLUTION INCIDENTS)",500000,4
"222","http://environment.data.gov.uk/water-quality/data/measurement/NW-1895453-0117","http://environment.data.gov.uk/water-quality/id/sampling-point/NW-88000064","NW-88000064","MISC RIVER SAMP (NOT CONT SW) MERSEYSIDE",2013-03-09 14:20:00,"Nitrate-N","Nitrate as N","0117",NA,0.004,NA,"mg/l","STORM SEWER OVERFLOW DISCHARGE",FALSE,"UNPLANNED REACTIVE MONITORING FORMAL (POLLUTION INCIDENTS)",500000,4
"223","http://environment.data.gov.uk/water-quality/data/measurement/NW-1895454-0117","http://environment.data.gov.uk/water-quality/id/sampling-point/NW-88000064","NW-88000064","MISC RIVER SAMP (NOT CONT SW) MERSEYSIDE",2013-03-09 14:55:00,"Nitrate-N","Nitrate as N","0117",NA,0.374,NA,"mg/l","STORM SEWER OVERFLOW DISCHARGE",FALSE,"UNPLANNED REACTIVE MONITORING FORMAL (POLLUTION INCIDENTS)",500000,4
"224","http://environment.data.gov.uk/water-quality/data/measurement/NW-5130419-0117","http://environment.data.gov.uk/water-quality/id/sampling-point/NW-88000064","NW-88000064","MISC RIVER SAMP (NOT CONT SW) MERSEYSIDE",2014-05-19 11:20:00,"Nitrate-N","Nitrate as N","0117","<",0.196,NA,"mg/l","STORM SEWER OVERFLOW DISCHARGE",FALSE,"UNPLANNED REACTIVE MONITORING (POLLUTION INCIDENTS)",500000,4
"225","http://environment.data.gov.uk/water-quality/data/measurement/NW-5194182-0117","http://environment.data.gov.uk/water-quality/id/sampling-point/NW-88000064","NW-88000064","MISC RIVER SAMP (NOT CONT SW) MERSEYSIDE",2016-08-10 14:20:00,"Nitrate-N","Nitrate as N","0117","<",0.9,NA,"mg/l","STORM SEWER OVERFLOW DISCHARGE",FALSE,"UNPLANNED REACTIVE MONITORING (POLLUTION INCIDENTS)",500000,4
"226","http://environment.data.gov.uk/water-quality/data/measurement/NW-5222680-0117","http://environment.data.gov.uk/water-quality/id/sampling-point/NW-88000074","NW-88000074","MISC SEW DISCH INC STORM SEW IN DIST 6",2017-10-05 13:15:00,"Nitrate-N","Nitrate as N","0117","<",0.196,NA,"mg/l","STORM SEWER OVERFLOW DISCHARGE",FALSE,"UNPLANNED REACTIVE MONITORING (POLLUTION INCIDENTS)",500000,4
